"","Date","gdp","m2","gov","Y","M","G","Y.lag","M.lag","G.lag","y.growth","m.growth","g.growth","dmg","dgg","dmg1","dgg1","dmg2","dgg2","dmg3","dgg3","mg4","gg4"
"1",1960-01-01,3277.847,1015.3,1062.312,8.09494208341276,6.92293941430718,6.96820294396616,8.07271382884073,6.91790361003395,6.98540497183212,0.0222282545720347,0.00503580427322525,-0.0172020278659577,0.00750750457751259,-0.00899058833741151,-0.0140922313273064,-0.0167264197505332,-0.00155277024177281,-0.00379558685373915,NA,NA,NA,NA
"2",1960-04-01,3260.177,1015.9,1074.24,8.08953676736539,6.9235301980975,6.97936871379167,8.09494208341276,6.92293941430718,6.96820294396616,-0.0054053160473746,0.000590783790321403,0.0111657698255057,-0.00444502048290385,0.0283677976914634,0.00750750457751259,-0.00899058833741151,-0.0140922313273064,-0.0167264197505332,-0.00155277024177281,-0.00379558685373915,0.0131733012647919,0.0123105670757262
"3",1960-07-01,3276.133,1029.1,1100.511,8.09441904243947,6.93643991284205,7.00352989637317,8.08953676736539,6.9235301980975,6.97936871379167,0.00488227507408112,0.0129097147445467,0.0241611825815022,0.0123189309542253,0.0129954127559966,-0.00444502048290385,0.0283677976914634,0.00750750457751259,-0.00899058833741151,-0.0140922313273064,-0.0167264197505332,0.0116205310230191,0.00851498022198705
"4",1960-10-01,3234.087,1040.3,1108.142,8.08150194144497,6.94726441207685,7.01044001794035,8.09441904243947,6.93643991284205,7.00352989637317,-0.0129171009945033,0.0108244992348041,0.00691012156717896,-0.00208521550974261,-0.0172510610143233,0.0123189309542253,0.0129954127559966,-0.00444502048290385,0.0283677976914634,0.00750750457751259,-0.00899058833741151,-0.00247170030428734,-0.00821143952854619
"5",1961-01-01,3255.914,1052.6,1124.596,8.0882283139972,6.95901857291968,7.02517913903157,8.08150194144497,6.94726441207685,7.01044001794035,0.00672637255222774,0.0117541608428287,0.014739121091222,0.000929661608024546,0.00782899952404303,-0.00208521550974261,-0.0172510610143233,0.0123189309542253,0.0129954127559966,-0.00444502048290385,0.0283677976914634,0.00503580427322525,-0.0172020278659577
"6",1961-04-01,3311.181,1073.1,1127.411,8.10506020231707,6.97830693493308,7.0276791325628,8.0882283139972,6.95901857291968,7.02517913903157,0.0168318883198744,0.0192883620134037,0.00249999353122554,0.00753420117057502,-0.0122391275599965,0.000929661608024546,0.00782899952404303,-0.00208521550974261,-0.0172510610143233,0.0123189309542253,0.0129954127559966,0.000590783790321403,0.0111657698255057
"7",1961-07-01,3374.742,1088.2,1151.491,8.12407415594016,6.99228023405183,7.04881290333788,8.10506020231707,6.97830693493308,7.0276791325628,0.0190139536230909,0.0139732991187431,0.0211337707750827,-0.00531506289466055,0.0186337772438572,0.00753420117057502,-0.0122391275599965,0.000929661608024546,0.00782899952404303,-0.00208521550974261,-0.0172510610143233,0.0129097147445467,0.0241611825815022
"8",1961-10-01,3440.924,1104.4,1176.737,8.14349531895084,7.007057480056,7.07050063284398,8.12407415594016,6.99228023405183,7.04881290333788,0.0194211630106746,0.014777246004174,0.0216877295060991,0.00080394688543084,0.00055395873101638,-0.00531506289466055,0.0186337772438572,0.00753420117057502,-0.0122391275599965,0.000929661608024546,0.00782899952404303,0.0108244992348041,0.00691012156717896
"9",1962-01-01,3502.298,1123.5,1199.445,8.16117460345736,7.02420409162538,7.08961422878998,8.14349531895084,7.007057480056,7.07050063284398,0.0176792845065208,0.0171466115693848,0.0191135959459974,0.00236936556521083,-0.00257413356010172,0.00080394688543084,0.00055395873101638,-0.00531506289466055,0.0186337772438572,0.00753420117057502,-0.0122391275599965,0.0117541608428287,0.014739121091222
"10",1962-04-01,3533.947,1143.7,1205.504,8.17017065559684,7.04202389978717,7.09465301574098,8.16117460345736,7.02420409162538,7.08961422878998,0.00899605213948185,0.0178198081617875,0.00503878695100202,0.000673196592402725,-0.0140748089949954,0.00236936556521083,-0.00257413356010172,0.00080394688543084,0.00055395873101638,-0.00531506289466055,0.0186337772438572,0.0192883620134037,0.00249999353122554
"11",1962-07-01,3577.362,1160.8,1233.332,8.18238093626311,7.05686470156998,7.11747472888254,8.17017065559684,7.04202389978717,7.09465301574098,0.0122102806662756,0.0148408017828068,0.0228217131415605,-0.00297900637898074,0.0177829261905584,0.000673196592402725,-0.0140748089949954,0.00236936556521083,-0.00257413356010172,0.00080394688543084,0.00055395873101638,0.0139732991187431,0.0211337707750827
"12",1962-10-01,3589.128,1175.8,1241.851,8.18566455504215,7.06970404596815,7.12435828750283,8.18238093626311,7.05686470156998,7.11747472888254,0.00328361877904015,0.0128393443981762,0.00688355862029155,-0.00200145738463053,-0.0159381545212689,-0.00297900637898074,0.0177829261905584,0.000673196592402725,-0.0140748089949954,0.00236936556521083,-0.00257413356010172,0.014777246004174,0.0216877295060991
"13",1963-01-01,3628.306,1199.7,1225.005,8.19652115166945,7.08982680452088,7.11070020460315,8.18566455504215,7.06970404596815,7.12435828750283,0.0108565966272991,0.0201227585527279,-0.0136580828996813,0.00728341415455169,-0.0205416415199728,-0.00200145738463053,-0.0159381545212689,-0.00297900637898074,0.0177829261905584,0.000673196592402725,-0.0140748089949954,0.0171466115693848,0.0191135959459974
"14",1963-04-01,3669.02,1224.7,1225.904,8.20767987541701,7.11045119502724,7.11143381000451,8.19652115166945,7.08982680452088,7.11070020460315,0.0111587237475597,0.0206243905063594,0.000733605401357806,0.000501631953631509,0.0143916883010391,0.00728341415455169,-0.0205416415199728,-0.00200145738463053,-0.0159381545212689,-0.00297900637898074,0.0177829261905584,0.0178198081617875,0.00503878695100202
"15",1963-07-01,3749.681,1241.8,1280.295,8.22942604867942,7.12431721893079,7.15484579910982,8.20767987541701,7.11045119502724,7.11143381000451,0.0217461732624038,0.0138660239035504,0.0434119891053113,-0.00675836660280904,0.0426783837039535,0.000501631953631509,0.0143916883010391,0.00728341415455169,-0.0205416415199728,-0.00200145738463053,-0.0159381545212689,0.0148408017828068,0.0228217131415605
"16",1963-10-01,3774.264,1262.8,1267.045,8.23596067578719,7.14108675668384,7.14444269665965,8.22942604867942,7.12431721893079,7.15484579910982,0.00653462710777752,0.0167695377530448,-0.0104031024501747,0.00290351384949439,-0.053815091555486,-0.00675836660280904,0.0426783837039535,0.000501631953631509,0.0143916883010391,0.00728341415455169,-0.0205416415199728,0.0128393443981762,0.00688355862029155
"17",1964-01-01,3853.835,1277.3,1270.997,8.25682403539565,7.15250375404873,7.14755691084048,8.23596067578719,7.14108675668384,7.14444269665965,0.0208633596084606,0.0114169973648943,0.00311421418083935,-0.00535254038815047,0.0135173166310141,0.00290351384949439,-0.053815091555486,-0.00675836660280904,0.0426783837039535,0.000501631953631509,0.0143916883010391,0.0201227585527279,-0.0136580828996813
"18",1964-04-01,3895.793,1297.9,1282.412,8.26765253193406,7.16850285269371,7.15649795870633,8.25682403539565,7.15250375404873,7.14755691084048,0.0108284965384104,0.0159990986449818,0.00894104786585004,0.00458210128008751,0.00582683368501069,-0.00535254038815047,0.0135173166310141,0.00290351384949439,-0.053815091555486,-0.00675836660280904,0.0426783837039535,0.0206243905063594,0.000733605401357806
"19",1964-07-01,3956.657,1322.1,1283.929,8.28315475579867,7.18697666051605,7.15768018677087,8.26765253193406,7.16850285269371,7.15649795870633,0.015502223864603,0.0184738078223381,0.00118222806453883,0.00247470917735626,-0.00775881980131121,0.00458210128008751,0.00582683368501069,-0.00535254038815047,0.0135173166310141,0.00290351384949439,-0.053815091555486,0.0138660239035504,0.0434119891053113
"20",1964-10-01,3968.878,1346.7,1283.386,8.28623871408942,7.205412434456,7.15725717673268,8.28315475579867,7.18697666051605,7.15768018677087,0.00308395829075359,0.0184357739399452,-0.000423010038189453,-3.80338823928739e-05,-0.00160523810272828,0.00247470917735626,-0.00775881980131121,0.00458210128008751,0.00582683368501069,-0.00535254038815047,0.0135173166310141,0.0167695377530448,-0.0104031024501747
"21",1965-01-01,4064.915,1366.7,1281.91,8.31014811155419,7.22015435397075,7.15610643220817,8.28623871408942,7.205412434456,7.15725717673268,0.0239093974647666,0.0147419195147585,-0.00115074452451314,-0.00369385442518677,-0.000727734486323683,-3.80338823928739e-05,-0.00160523810272828,0.00247470917735626,-0.00775881980131121,0.00458210128008751,0.00582683368501069,0.0114169973648943,0.00311421418083935
"22",1965-04-01,4116.267,1387.5,1297.074,8.32270196365472,7.23525884562059,7.1678662374306,8.31014811155419,7.22015435397075,7.15610643220817,0.0125538521005275,0.0151044916498346,0.0117598052224253,0.000362572135076178,0.0129105497469384,-0.00369385442518677,-0.000727734486323683,-3.80338823928739e-05,-0.00160523810272828,0.00247470917735626,-0.00775881980131121,0.0159990986449818,0.00894104786585004
"23",1965-07-01,4207.782,1402.5,1340.109,8.34469094699191,7.24601163739685,7.20050623292035,8.32270196365472,7.23525884562059,7.1678662374306,0.0219889833371987,0.0107527917762615,0.0326399954897578,-0.00435169987357309,0.0208801902673326,0.000362572135076178,0.0129105497469384,-0.00369385442518677,-0.000727734486323683,-3.80338823928739e-05,-0.00160523810272828,0.0184738078223381,0.00118222806453883
"24",1965-10-01,4304.731,1430,1365.498,8.36746992942753,7.26542972325395,7.21927447624773,8.34469094699191,7.24601163739685,7.20050623292035,0.0227789824356197,0.0194180858571018,0.0187682433273748,0.00866529408084027,-0.013871752162383,-0.00435169987357309,0.0208801902673326,0.000362572135076178,0.0129105497469384,-0.00369385442518677,-0.000727734486323683,0.0184357739399452,-0.000423010038189453
"25",1966-01-01,4409.518,1449.2,1390.947,8.39152066541538,7.27876695902092,7.23774008911271,8.36746992942753,7.26542972325395,7.21927447624773,0.0240507359878457,0.0133372357669694,0.0184656128649801,-0.00608085009013237,-0.00030263046239476,0.00866529408084027,-0.013871752162383,-0.00435169987357309,0.0208801902673326,0.000362572135076178,0.0129105497469384,0.0147419195147585,-0.00115074452451314
"26",1966-04-01,4424.581,1453.8,1417.226,8.39493086369318,7.28193609705053,7.25645671885746,8.39152066541538,7.27876695902092,7.23774008911271,0.00341019827780187,0.00316913802961238,0.0187166297447554,-0.0101680977373571,0.000251016879775356,-0.00608085009013237,-0.00030263046239476,0.00866529408084027,-0.013871752162383,-0.00435169987357309,0.0208801902673326,0.0151044916498346,0.0117598052224253
"27",1966-07-01,4462.053,1451.2,1455.85,8.40336425300351,7.28014607936087,7.28334520147148,8.39493086369318,7.28193609705053,7.25645671885746,0.00843338931032989,-0.0017900176896628,0.0268884826140168,-0.00495915571927519,0.00817185286926136,-0.0101680977373571,0.000251016879775356,-0.00608085009013237,-0.00030263046239476,0.00866529408084027,-0.013871752162383,0.0107527917762615,0.0326399954897578
"28",1966-10-01,4498.66,1448.1,1480.985,8.41153485363603,7.27800763133456,7.30046268592481,8.40336425300351,7.28014607936087,7.28334520147148,0.00817060063251596,-0.00213844802631513,0.0171174844533315,-0.000348430336652328,-0.00977099816068527,-0.00495915571927519,0.00817185286926136,-0.0101680977373571,0.000251016879775356,-0.00608085009013237,-0.00030263046239476,0.0194180858571018,0.0187682433273748
"29",1967-01-01,4538.498,1463.8,1543.56,8.42035139929235,7.28879107316713,7.34184671587862,8.41153485363603,7.27800763133456,7.30046268592481,0.00881654565632672,0.0107834418325696,0.0413840299538117,0.0129218898588848,0.0242665455004802,-0.000348430336652328,-0.00977099816068527,-0.00495915571927519,0.00817185286926136,-0.0101680977373571,0.000251016879775356,0.0133372357669694,0.0184656128649801
"30",1967-04-01,4541.28,1486.7,1537.155,8.42096418962424,7.3043141776193,7.33768858425751,8.42035139929235,7.28879107316713,7.34184671587862,0.000612790331889101,0.0155231044521784,-0.00415813162111167,0.00473966261960879,-0.0455421615749234,0.0129218898588848,0.0242665455004802,-0.000348430336652328,-0.00977099816068527,-0.00495915571927519,0.00817185286926136,0.00316913802961238,0.0187166297447554
"31",1967-07-01,4584.246,1515.9,1554.237,8.43038092187613,7.32376460096597,7.34874002895169,8.42096418962424,7.3043141776193,7.33768858425751,0.00941673225188744,0.0194504233466679,0.011051444694175,0.0039273188944895,0.0152095763152866,0.00473966261960879,-0.0455421615749234,0.0129218898588848,0.0242665455004802,-0.000348430336652328,-0.00977099816068527,-0.0017900176896628,0.0268884826140168
"32",1967-10-01,4618.812,1537.7,1566.046,8.43789280815175,7.33804307252165,7.35630925032112,8.43038092187613,7.32376460096597,7.34874002895169,0.00751188627561739,0.0142784715556745,0.00756922136943583,-0.00517195179099339,-0.00348222332473913,0.0039273188944895,0.0152095763152866,0.00473966261960879,-0.0455421615749234,0.0129218898588848,0.0242665455004802,-0.00213844802631513,0.0171174844533315
"33",1968-01-01,4713.013,1546.6,1594.047,8.45808268524796,7.34381425217494,7.37403134448636,8.43789280815175,7.33804307252165,7.35630925032112,0.0201898770962075,0.00577117965328799,0.0177220941652365,-0.00850729190238653,0.0101528727958007,-0.00517195179099339,-0.00348222332473913,0.0039273188944895,0.0152095763152866,0.00473966261960879,-0.0455421615749234,0.0107834418325696,0.0413840299538117
"34",1968-04-01,4791.758,1557.3,1602.315,8.47465263768535,7.35070883150129,7.3792047375128,8.45808268524796,7.34381425217494,7.37403134448636,0.0165699524373952,0.00689457932635751,0.00517339302643816,0.00112339967306951,-0.0125487011387984,-0.00850729190238653,0.0101528727958007,-0.00517195179099339,-0.00348222332473913,0.0039273188944895,0.0152095763152866,0.0155231044521784,-0.00415813162111167
"35",1968-07-01,4828.892,1563.3,1607.115,8.48237232074459,7.35455425058328,7.3821959250937,8.47465263768535,7.35070883150129,7.3792047375128,0.00771968305923743,0.0038454190819861,0.00299118758089723,-0.00304916024437141,-0.00218220544554093,0.00112339967306951,-0.0125487011387984,-0.00850729190238653,0.0101528727958007,-0.00517195179099339,-0.00348222332473913,0.0194504233466679,0.011051444694175
"36",1968-10-01,4847.885,1579.6,1608.573,8.48629780634569,7.36492692941249,7.3831027295473,8.48237232074459,7.35455425058328,7.3821959250937,0.00392548560109951,0.0103726788292153,0.000906804453609134,0.00652725974722923,-0.00208438312728809,-0.00304916024437141,-0.00218220544554093,0.00112339967306951,-0.0125487011387984,-0.00850729190238653,0.0101528727958007,0.0142784715556745,0.00756922136943583
"37",1969-01-01,4923.76,1594.7,1612.219,8.50182774525538,7.37444090975393,7.38536676991838,8.48629780634569,7.36492692941249,7.3831027295473,0.0155299389096939,0.00951398034143214,0.00226404037107208,-0.000858698487783194,0.00135723591746295,0.00652725974722923,-0.00208438312728809,-0.00304916024437141,-0.00218220544554093,0.00112339967306951,-0.0125487011387984,0.00577117965328799,0.0177220941652365
"38",1969-04-01,4938.728,1586,1607.192,8.50486308714722,7.36897040219479,7.38224383588754,8.50182774525538,7.37444090975393,7.38536676991838,0.00303534189183452,-0.00547050755913325,-0.00312293403083697,-0.0149844879005654,-0.00538697440190905,-0.000858698487783194,0.00135723591746295,0.00652725974722923,-0.00208438312728809,-0.00304916024437141,-0.00218220544554093,0.00689457932635751,0.00517339302643816
"39",1969-07-01,4971.349,1574.7,1610.451,8.51144651083203,7.36182005692636,7.38426954297465,8.50486308714722,7.36897040219479,7.38224383588754,0.00658342368481613,-0.00715034526842917,0.00202570708710681,-0.00167983770929592,0.00514864111794378,-0.0149844879005654,-0.00538697440190905,-0.000858698487783194,0.00135723591746295,0.00652725974722923,-0.00208438312728809,0.0038454190819861,0.00299118758089723
"40",1969-10-01,4947.104,1564.1,1588.788,8.50655763384886,7.3550658576802,7.37072674039229,8.51144651083203,7.36182005692636,7.38426954297465,-0.00488887698317342,-0.00675419924616794,-0.0135428025823519,0.000396146022261235,-0.0155685096694587,-0.00167983770929592,0.00514864111794378,-0.0149844879005654,-0.00538697440190905,-0.000858698487783194,0.00135723591746295,0.0103726788292153,0.000906804453609134
"41",1970-01-01,4939.759,1555.7,1581.147,8.50507182356682,7.34968088409308,7.36590581201432,8.50655763384886,7.3550658576802,7.37072674039229,-0.00148581028203942,-0.00538497358712053,-0.00482092837797854,0.0013692256590474,0.00872187420437331,0.000396146022261235,-0.0155685096694587,-0.00167983770929592,0.00514864111794378,-0.0149844879005654,-0.00538697440190905,0.00951398034143214,0.00226404037107208
"42",1970-04-01,4946.77,1528.3,1562.764,8.50649011732295,7.33191128553379,7.35421132733842,8.50507182356682,7.34968088409308,7.36590581201432,0.00141829375613156,-0.0177695985592852,-0.0116944846758926,-0.0123846249721646,-0.00687355629791409,0.0013692256590474,0.00872187420437331,0.000396146022261235,-0.0155685096694587,-0.00167983770929592,0.00514864111794378,-0.00547050755913325,-0.00312293403083697
"43",1970-07-01,4992.357,1540.1,1569.37,8.51566342191531,7.33960262836442,7.35842954392509,8.50649011732295,7.33191128553379,7.35421132733842,0.00917330459235544,0.00769134283062911,0.00421821658667021,0.0254609413899143,0.0159127012625628,-0.0123846249721646,-0.00687355629791409,0.0013692256590474,0.00872187420437331,0.000396146022261235,-0.0155685096694587,-0.00715034526842917,0.00202570708710681
"44",1970-10-01,4938.857,1564.5,1570.101,8.50488920689207,7.35532156310894,7.35889522748338,8.51566342191531,7.33960262836442,7.35842954392509,-0.0107742150232326,0.0157189347445179,0.000465683558287466,0.0080275919138888,-0.00375253302838274,0.0254609413899143,0.0159127012625628,-0.0123846249721646,-0.00687355629791409,0.0013692256590474,0.00872187420437331,-0.00675419924616794,-0.0135428025823519
"45",1971-01-01,5072.996,1586.2,1547.139,8.53168684907831,7.36909649764922,7.34416269786182,8.50488920689207,7.35532156310894,7.35889522748338,0.0267976421862315,0.0137749345402822,-0.0147325296215577,-0.00194400020423569,-0.0151982131798452,0.0080275919138888,-0.00375253302838274,0.0254609413899143,0.0159127012625628,-0.0123846249721646,-0.00687355629791409,-0.00538497358712053,-0.00482092837797854
"46",1971-04-01,5100.447,1641.9,1543.584,8.53708346193046,7.40360938681798,7.34186226423011,8.53168684907831,7.36909649764922,7.34416269786182,0.00539661285215587,0.0345128891687629,-0.00230043363171273,0.0207379546284807,0.012432095989845,-0.00194400020423569,-0.0151982131798452,0.0080275919138888,-0.00375253302838274,0.0254609413899143,0.0159127012625628,-0.0177695985592852,-0.0116944846758926
"47",1971-07-01,5142.422,1673.9,1542.778,8.5452794536921,7.42291151210857,7.341339966445,8.53708346193046,7.40360938681798,7.34186226423011,0.00819599176163877,0.0193021252905918,-0.000522297785108705,-0.0152107638781711,0.00177813584660402,0.0207379546284807,0.012432095989845,-0.00194400020423569,-0.0151982131798452,0.0080275919138888,-0.00375253302838274,0.00769134283062911,0.00421821658667021
"48",1971-10-01,5154.547,1707.6,1531.936,8.54763451674106,7.44284415488381,7.334287573971,8.5452794536921,7.42291151210857,7.341339966445,0.00235506304896127,0.0199326427752329,-0.00705239247400336,0.000630517484641047,-0.00653009468889465,-0.0152107638781711,0.00177813584660402,0.0207379546284807,0.012432095989845,-0.00194400020423569,-0.0151982131798452,0.0157189347445179,0.000465683558287466
"49",1972-01-01,5249.337,1742,1540.394,8.56585706189667,7.46278915741245,7.33979350684098,8.54763451674106,7.44284415488381,7.334287573971,0.0182225451556111,0.0199450025286412,0.00550593286998602,1.23597534082975e-05,0.0125583253439894,0.000630517484641047,-0.00653009468889465,-0.0152107638781711,0.00177813584660402,0.0207379546284807,0.012432095989845,0.0137749345402822,-0.0147325296215577
"50",1972-04-01,5368.485,1779.3,1546.593,8.58830102479373,7.48397530751279,7.34380972610754,8.56585706189667,7.46278915741245,7.33979350684098,0.0224439628970572,0.0211861501003421,0.00401621926655071,0.00124114757170091,-0.00148971360343531,1.23597534082975e-05,0.0125583253439894,0.000630517484641047,-0.00653009468889465,-0.0152107638781711,0.00177813584660402,0.0345128891687629,-0.00230043363171273
"51",1972-07-01,5419.184,1817,1517.139,8.59770052959384,7.50494206839617,7.3245816033645,8.58830102479373,7.48397530751279,7.34380972610754,0.0093995048001112,0.0209667608833808,-0.0192281227430318,-0.000219389216961297,-0.0232443420095825,0.00124114757170091,-0.00148971360343531,1.23597534082975e-05,0.0125583253439894,0.000630517484641047,-0.00653009468889465,0.0193021252905918,-0.000522297785108705
"52",1972-10-01,5509.926,1864.7,1529.691,8.61430647192973,7.53085546123005,7.33282103320534,8.59770052959384,7.50494206839617,7.3245816033645,0.0166059423358931,0.0259133928338766,0.00823942984083814,0.00494663195049583,0.0274675525838699,-0.000219389216961297,-0.0232443420095825,0.00124114757170091,-0.00148971360343531,1.23597534082975e-05,0.0125583253439894,0.0199326427752329,-0.00705239247400336
"53",1973-01-01,5646.286,1897.7,1542.861,8.63875326286171,7.54839790555993,7.34139376405387,8.61430647192973,7.53085546123005,7.33282103320534,0.0244467909319717,0.0175424443298855,0.00857273084853105,-0.00837094850399112,0.00033330100769291,0.00494663195049583,0.0274675525838699,-0.000219389216961297,-0.0232443420095825,0.00124114757170091,-0.00148971360343531,0.0199450025286412,0.00550593286998602
"54",1973-04-01,5707.755,1875.7,1531.988,8.64958105546111,7.5367372020663,7.33432151737169,8.63875326286171,7.54839790555993,7.34139376405387,0.010827792599402,-0.0116607034936376,-0.00707224668218576,-0.0292031478235231,-0.0156449775307168,-0.00837094850399112,0.00033330100769291,0.00494663195049583,0.0274675525838699,-0.000219389216961297,-0.0232443420095825,0.0211861501003421,0.00401621926655071
"55",1973-07-01,5677.738,1892.5,1513.965,8.64430819296019,7.5456539853116,7.32248731616083,8.64958105546111,7.5367372020663,7.33432151737169,-0.00527286250091308,0.00891678324530787,-0.0118342012108608,0.0205774867389454,-0.00476195452867501,-0.0292031478235231,-0.0156449775307168,-0.00837094850399112,0.00033330100769291,0.00494663195049583,0.0274675525838699,0.0209667608833808,-0.0192281227430318
"56",1973-10-01,5731.632,1847.8,1525.325,8.65375558591012,7.52175102123664,7.32996278108989,8.64430819296019,7.5456539853116,7.32248731616083,0.00944739294992658,-0.0239029640749591,0.00747546492906093,-0.0328197473202669,0.0193096661399217,0.0205774867389454,-0.00476195452867501,-0.0292031478235231,-0.0156449775307168,-0.00837094850399112,0.00033330100769291,0.0259133928338766,0.00823942984083814
"57",1974-01-01,5682.353,1837,1552.878,8.64512068649636,7.51588908521513,7.34786526243248,8.65375558591012,7.52175102123664,7.32996278108989,-0.00863489941376017,-0.0058619360215193,0.0179024813425945,0.0180410280534398,0.0104270164135336,-0.0328197473202669,0.0193096661399217,0.0205774867389454,-0.00476195452867501,-0.0292031478235231,-0.0156449775307168,0.0175424443298855,0.00857273084853105
"58",1974-04-01,5695.859,1814.8,1560.657,8.64749469857194,7.50373054778981,7.35286216542935,8.64512068649636,7.51588908521513,7.34786526243248,0.00237401207557753,-0.0121585374253161,0.00499690299686595,-0.00629660140379684,-0.0129055783457286,0.0180410280534398,0.0104270164135336,-0.0328197473202669,0.0193096661399217,0.0205774867389454,-0.00476195452867501,-0.0116607034936376,-0.00707224668218576
"59",1974-07-01,5642.025,1787.8,1563.766,8.63799832260494,7.48874109265375,7.35485229354332,8.64749469857194,7.50373054778981,7.35286216542935,-0.00949637596699482,-0.0149894551360568,0.00199012811397736,-0.00283091771074062,-0.00300677488288859,-0.00629660140379684,-0.0129055783457286,0.0180410280534398,0.0104270164135336,-0.0328197473202669,0.0193096661399217,0.00891678324530787,-0.0118342012108608
"60",1974-10-01,5620.126,1751.6,1571.26,8.63410936256524,7.46828493492724,7.35963312424379,8.63799832260494,7.48874109265375,7.35485229354332,-0.00388896003970451,-0.0204561577265094,0.00478083070046598,-0.00546670259045268,0.00279070258648861,-0.00283091771074062,-0.00300677488288859,-0.00629660140379684,-0.0129055783457286,0.0180410280534398,0.0104270164135336,-0.0239029640749591,0.00747546492906093
"61",1975-01-01,5551.713,1732.9,1588.372,8.62186180776693,7.4575515846462,7.37046487130016,8.63410936256524,7.46828493492724,7.35963312424379,-0.0122475547983054,-0.0107333502810434,0.0108317470563728,0.00972280744546605,0.00605091635590682,-0.00546670259045268,0.00279070258648861,-0.00283091771074062,-0.00300677488288859,-0.00629660140379684,-0.0129055783457286,-0.0058619360215193,0.0179024813425945
"62",1975-04-01,5591.382,1764.3,1574.948,8.62898176278495,7.47550929013402,7.36197753484168,8.62186180776693,7.4575515846462,7.37046487130016,0.00711995501801788,0.0179577054878202,-0.0084873364584821,0.0286910557688635,-0.0193190835148549,0.00972280744546605,0.00605091635590682,-0.00546670259045268,0.00279070258648861,-0.00283091771074062,-0.00300677488288859,-0.0121585374253161,0.00499690299686595
"63",1975-07-01,5687.087,1805.7,1604.369,8.64595344523797,7.49870360722183,7.38048581184436,8.62898176278495,7.47550929013402,7.36197753484168,0.0169716824530148,0.0231943170878148,0.0185082770026748,0.00523661159999467,0.0269956134611569,0.0286910557688635,-0.0193190835148549,0.00972280744546605,0.00605091635590682,-0.00546670259045268,0.00279070258648861,-0.0149894551360568,0.00199012811397736
"64",1975-10-01,5763.665,1817.5,1618.424,8.65932883606886,7.50521720940767,7.38920811520478,8.64595344523797,7.49870360722183,7.38048581184436,0.0133753908308964,0.00651360218583985,0.00872230336042001,-0.016680714901975,-0.00978597364225475,0.00523661159999467,0.0269956134611569,0.0286910557688635,-0.0193190835148549,0.00972280744546605,0.00605091635590682,-0.0204561577265094,0.00478083070046598
"65",1976-01-01,5893.276,1839.8,1620.97,8.68156731896942,7.51741214904306,7.39078001447003,8.65932883606886,7.50521720940767,7.38920811520478,0.0222384829005531,0.0121949396353829,0.00157189926525536,0.00568133744954302,-0.00715040409516465,-0.016680714901975,-0.00978597364225475,0.00523661159999467,0.0269956134611569,0.0286910557688635,-0.0193190835148549,-0.0107333502810434,0.0108317470563728
"66",1976-04-01,5936.515,1890.9,1602.934,8.688877539844,7.54480818518717,7.37959097896093,8.68156731896942,7.51741214904306,7.39078001447003,0.00731022087458477,0.0273960361441166,-0.0111890355090996,0.0152010965087337,-0.0127609347743549,0.00568133744954302,-0.00715040409516465,-0.016680714901975,-0.00978597364225475,0.00523661159999467,0.0269956134611569,0.0179577054878202,-0.0084873364584821
"67",1976-07-01,5969.089,1905.8,1598.243,8.69434959842774,7.55265714691409,7.37666017984685,8.688877539844,7.54480818518717,7.37959097896093,0.005472058583738,0.00784896172691418,-0.00293079911408345,-0.0195470744172024,0.00825823639501611,0.0152010965087337,-0.0127609347743549,0.00568133744954302,-0.00715040409516465,-0.016680714901975,-0.00978597364225475,0.0231943170878148,0.0185082770026748
"68",1976-10-01,6012.356,1943,1597.264,8.70157196402326,7.57198844937744,7.37604744450899,8.69434959842774,7.55265714691409,7.37666017984685,0.00722236559552059,0.0193313024633524,-0.000612735337853998,0.0114823407364382,0.00231806377622945,-0.0195470744172024,0.00825823639501611,0.0152010965087337,-0.0127609347743549,0.00568133744954302,-0.00715040409516465,0.00651360218583985,0.00872230336042001
"69",1977-01-01,6083.391,1985,1610.842,8.71331754974965,7.59337419312129,7.38451230263787,8.70157196402326,7.57198844937744,7.37604744450899,0.0117455857263931,0.02138574374385,0.00846485812887998,0.0020544412804977,0.00907759346673398,0.0114823407364382,0.00231806377622945,-0.0195470744172024,0.00825823639501611,0.0152010965087337,-0.0127609347743549,0.0121949396353829,0.00157189926525536
"70",1977-04-01,6201.659,1999.3,1625.58,8.73257211588503,7.60055239827779,7.39361995415887,8.71331754974965,7.59337419312129,7.38451230263787,0.0192545661353769,0.00717820515649681,0.00910765152099735,-0.0142075385873532,0.000642793392117369,0.0020544412804977,0.00907759346673398,0.0114823407364382,0.00231806377622945,-0.0195470744172024,0.00825823639501611,0.0273960361441166,-0.0111890355090996
"71",1977-07-01,6313.559,2017.6,1632.108,8.75045482188932,7.60966396521065,7.39762770980507,8.73257211588503,7.60055239827779,7.39361995415887,0.0178827060042899,0.00911156693286763,0.00400775564620215,0.00193336177637082,-0.0050998958747952,-0.0142075385873532,0.000642793392117369,0.0020544412804977,0.00907759346673398,0.0114823407364382,0.00231806377622945,0.00784896172691418,-0.00293079911408345
"72",1977-10-01,6313.697,2035.7,1628.216,8.75047667936968,7.618595019073,7.3952402158942,8.75045482188932,7.60966396521065,7.39762770980507,2.18574803589888e-05,0.00893105386234616,-0.00238749391087545,-0.000180513070521471,-0.0063952495570776,0.00193336177637082,-0.0050998958747952,-0.0142075385873532,0.000642793392117369,0.0020544412804977,0.00907759346673398,0.0193313024633524,-0.000612735337853998
"73",1978-01-01,6333.848,2041,1628.631,8.75366322933669,7.62119516280984,7.39549506360565,8.75047667936968,7.618595019073,7.3952402158942,0.00318654996701362,0.00260014373684392,0.000254847711449457,-0.00633091012550224,0.00264234162232491,-0.000180513070521471,-0.0063952495570776,0.00193336177637082,-0.0050998958747952,-0.0142075385873532,0.000642793392117369,0.02138574374385,0.00846485812887998
"74",1978-04-01,6578.605,2035.1,1669.477,8.79157799576387,7.6183002367185,7.420265682709,8.75366322933669,7.62119516280984,7.39549506360565,0.0379147664271784,-0.00289492609134179,0.0247706191033492,-0.00549506982818571,0.0245157713918998,-0.00633091012550224,0.00264234162232491,-0.000180513070521471,-0.0063952495570776,0.00193336177637082,-0.0050998958747952,0.00717820515649681,0.00910765152099735
"75",1978-07-01,6644.754,2021.5,1684.9,8.80158295014605,7.61159508908083,7.42946149384434,8.79157799576387,7.6183002367185,7.420265682709,0.0100049543821807,-0.00670514763767738,0.00919581113534207,-0.00381022154633559,-0.0155748079680071,-0.00549506982818571,0.0245157713918998,-0.00633091012550224,0.00264234162232491,-0.000180513070521471,-0.0063952495570776,0.00911156693286763,0.00400775564620215
"76",1978-10-01,6734.069,2015.4,1700.067,8.81493484617877,7.6085729658463,7.43842294103239,8.80158295014605,7.61159508908083,7.42946149384434,0.0133518960327201,-0.00302212323452355,0.00896144718805036,0.00368302440315382,-0.000234363947291705,-0.00381022154633559,-0.0155748079680071,-0.00549506982818571,0.0245157713918998,-0.00633091012550224,0.00264234162232491,0.00893105386234616,-0.00238749391087545
"77",1979-01-01,6746.176,2002.3,1683.258,8.81673110481581,7.6020517987986,7.42848648012463,8.81493484617877,7.6085729658463,7.43842294103239,0.0017962586370377,-0.00652116704769856,-0.00993646090776323,-0.00349904381317501,-0.0188979080958136,0.00368302440315382,-0.000234363947291705,-0.00381022154633559,-0.0155748079680071,-0.00549506982818571,0.0245157713918998,0.00260014373684392,0.000254847711449457
"78",1979-04-01,6753.389,1986,1699.659,8.81779973194363,7.59387784460512,7.4381829216885,8.81673110481581,7.6020517987986,7.42848648012463,0.00106862712782529,-0.00817395419348532,0.00969644156387606,-0.00165278714578676,0.0196329024716393,-0.00349904381317501,-0.0188979080958136,0.00368302440315382,-0.000234363947291705,-0.00381022154633559,-0.0155748079680071,-0.00289492609134179,0.0247706191033492
"79",1979-07-01,6803.558,1965.5,1704.624,8.82520098961846,7.58350194486191,7.44109983753854,8.81779973194363,7.59387784460512,7.4381829216885,0.00740125767482702,-0.0103758997432033,0.00291691585003306,-0.00220194554971798,-0.00677952571384299,-0.00165278714578676,0.0196329024716393,-0.00349904381317501,-0.0188979080958136,0.00368302440315382,-0.000234363947291705,-0.00670514763767738,0.00919581113534207
"80",1979-10-01,6820.572,1942,1715.85,8.82769861828828,7.57147364885127,7.44766386363979,8.82520098961846,7.58350194486191,7.44109983753854,0.00249762866981662,-0.0120282960106444,0.00656402610125628,-0.00165239626744107,0.00364711025122322,-0.00220194554971798,-0.00677952571384299,-0.00165278714578676,0.0196329024716393,-0.00349904381317501,-0.0188979080958136,-0.00302212323452355,0.00896144718805036
"81",1980-01-01,6842.024,1900.9,1741.034,8.83083887327767,7.55008273721211,7.46223446858382,8.82769861828828,7.57147364885127,7.44766386363979,0.0031402549893933,-0.0213909116391626,0.0145706049440264,-0.00936261562851826,0.00800657884277012,-0.00165239626744107,0.00364711025122322,-0.00220194554971798,-0.00677952571384299,-0.00165278714578676,0.0196329024716393,-0.00652116704769856,-0.00993646090776323
"82",1980-04-01,6701.046,1856.9,1744.456,8.81001891259668,7.52666370960655,7.46419803818206,8.83083887327767,7.55008273721211,7.46223446858382,-0.0208199606809938,-0.0234190276055584,0.00196356959824318,-0.00202811596639574,-0.0126070353457832,-0.00936261562851826,0.00800657884277012,-0.00165239626744107,0.00364711025122322,-0.00220194554971798,-0.00677952571384299,-0.00817395419348532,0.00969644156387606
"83",1980-07-01,6693.082,1871.1,1720.713,8.80882973463175,7.53428177220019,7.45049401879537,8.81001891259668,7.52666370960655,7.46419803818206,-0.00118917796493001,0.00761806259363684,-0.0137040193866902,0.0310370901991952,-0.0156675889849334,-0.00202811596639574,-0.0126070353457832,-0.00936261562851826,0.00800657884277012,-0.00165239626744107,0.00364711025122322,-0.0103758997432033,0.00291691585003306
"84",1980-10-01,6817.903,1871.1,1720.334,8.82730722555059,7.53428177220019,7.45027373700234,8.80882973463175,7.53428177220019,7.45049401879537,0.0184774909188423,0,-0.000220281793031241,-0.00761806259363684,0.013483737593659,0.0310370901991952,-0.0156675889849334,-0.00202811596639574,-0.0126070353457832,-0.00936261562851826,0.00800657884277012,-0.0120282960106444,0.00656402610125628
"85",1981-01-01,6951.495,1842.8,1743.343,8.84671202334012,7.51904143306176,7.46355981330856,8.82730722555059,7.53428177220019,7.45027373700234,0.0194047977895284,-0.0152403391384244,0.0132860763062244,-0.0152403391384244,0.0135063580992556,-0.00761806259363684,0.013483737593659,0.0310370901991952,-0.0156675889849334,-0.00202811596639574,-0.0126070353457832,-0.0213909116391626,0.0145706049440264
"86",1981-04-01,6899.98,1862.2,1746.695,8.83927379203043,7.52951386345443,7.46548070988946,8.84671202334012,7.51904143306176,7.46355981330856,-0.0074382313096919,0.0104724303926673,0.00192089658089412,0.0257127695310917,-0.0113651797253302,-0.0152403391384244,0.0135063580992556,-0.00761806259363684,0.013483737593659,0.0310370901991952,-0.0156675889849334,-0.0234190276055584,0.00196356959824318
"87",1981-07-01,6982.609,1838.1,1740.68,8.8511779081522,7.51648770839972,7.46203112046205,8.83927379203043,7.52951386345443,7.46548070988946,0.011904116121773,-0.0130261550547113,-0.0034495894274098,-0.0234985854473786,-0.00537048600830392,0.0257127695310917,-0.0113651797253302,-0.0152403391384244,0.0135063580992556,-0.00761806259363684,0.013483737593659,0.00761806259363684,-0.0137040193866902
"88",1981-10-01,6906.529,1843.5,1762.804,8.84022247507422,7.5194212176742,7.47466100208257,8.8511779081522,7.51648770839972,7.46203112046205,-0.0109554330779744,0.00293350927448088,0.0126298816205219,0.0159596643291922,0.0160794710479317,-0.0234985854473786,-0.00537048600830392,0.0257127695310917,-0.0113651797253302,-0.0152403391384244,0.0135063580992556,0,-0.000220281793031241
"89",1982-01-01,6799.233,1875.4,1760.84,8.82456509068482,7.53657724898552,7.47354624690107,8.84022247507422,7.5194212176742,7.47466100208257,-0.0156573843894083,0.0171560313113259,-0.0011147551815025,0.014222522036845,-0.0137446368020244,0.0159596643291922,0.0160794710479317,-0.0234985854473786,-0.00537048600830392,0.0257127695310917,-0.0113651797253302,-0.0152403391384244,0.0132860763062244
"90",1982-04-01,6830.251,1898.8,1767.532,8.82911670152355,7.54897738667716,7.47733950227445,8.82456509068482,7.53657724898552,7.47354624690107,0.00455161083873712,0.0124001376916381,0.00379325537338193,-0.00475589361968787,0.00490801055488443,0.014222522036845,-0.0137446368020244,0.0159596643291922,0.0160794710479317,-0.0234985854473786,-0.00537048600830392,0.0104724303926673,0.00192089658089412
"91",1982-07-01,6804.139,1878.5,1781.703,8.8252863824664,7.53822886501402,7.48532492747366,8.82911670152355,7.54897738667716,7.47733950227445,-0.0038303190571547,-0.0107485216631398,0.00798542519920531,-0.0231486593547778,0.00419216982582338,-0.00475589361968787,0.00490801055488443,0.014222522036845,-0.0137446368020244,0.0159596643291922,0.0160794710479317,-0.0130261550547113,-0.0034495894274098
"92",1982-10-01,6806.857,1905.9,1809.171,8.82568576544118,7.5527096169406,7.50062400829105,8.8252863824664,7.53822886501402,7.48532492747366,0.000399382974784146,0.0144807519265742,0.0152990808173943,0.0252292735897139,0.00731365561818897,-0.0231486593547778,0.00419216982582338,-0.00475589361968787,0.00490801055488443,0.014222522036845,-0.0137446368020244,0.00293350927448088,0.0126298816205219
"93",1983-01-01,6896.561,2001.4,1826.558,8.83877816054279,7.60160221465636,7.51018860045331,8.82568576544118,7.5527096169406,7.50062400829105,0.0130923951016122,0.0488925977157582,0.00956459216226335,0.034411845789184,-0.00573448865513093,0.0252292735897139,0.00731365561818897,-0.0231486593547778,0.00419216982582338,-0.00475589361968787,0.00490801055488443,0.0171560313113259,-0.0011147551815025
"94",1983-04-01,7053.5,2053.2,1841.608,8.86127922651456,7.62715483068615,7.51839438200684,8.83877816054279,7.60160221465636,7.51018860045331,0.0225010659717633,0.0255526160297928,0.00820578155352258,-0.0233399816859654,-0.00135881060874077,0.034411845789184,-0.00573448865513093,0.0252292735897139,0.00731365561818897,-0.0231486593547778,0.00419216982582338,0.0124001376916381,0.00379325537338193
"95",1983-07-01,7194.504,2068.9,1873.396,8.88107268018358,7.6347723440497,7.53550810561742,8.86127922651456,7.62715483068615,7.51839438200684,0.0197934536690223,0.00761751336354966,0.0171137236105823,-0.0179351026662431,0.00890794205705969,-0.0233399816859654,-0.00135881060874077,0.034411845789184,-0.00573448865513093,0.0252292735897139,0.00731365561818897,-0.0107485216631398,0.00798542519920531
"96",1983-10-01,7344.597,2082.5,1843.417,8.90172021984608,7.641324374041,7.51937619360666,8.88107268018358,7.6347723440497,7.53550810561742,0.0206475396624981,0.00655202999130022,-0.0161319120107608,-0.00106548337224943,-0.0332456356213431,-0.0179351026662431,0.00890794205705969,-0.0233399816859654,-0.00135881060874077,0.034411845789184,-0.00573448865513093,0.0144807519265742,0.0152990808173943
"97",1984-01-01,7488.167,2094.2,1862.955,8.92107932025916,7.64692689785336,7.52991921572049,8.90172021984608,7.641324374041,7.51937619360666,0.0193591004130838,0.00560252381236381,0.0105430221138327,-0.00094950617893641,0.0266749341245935,-0.00106548337224943,-0.0332456356213431,-0.0179351026662431,0.00890794205705969,-0.0233399816859654,-0.00135881060874077,0.0488925977157582,0.00956459216226335
"98",1984-04-01,7617.547,2121.7,1903.424,8.93820968084411,7.65997293311907,7.5514096485742,8.92107932025916,7.64692689785336,7.52991921572049,0.0171303605849502,0.0130460352657087,0.0214904328537058,0.00744351145334488,0.010947410739873,-0.00094950617893641,0.0266749341245935,-0.00106548337224943,-0.0332456356213431,-0.0179351026662431,0.00890794205705969,0.0255526160297928,0.00820578155352258
"99",1984-07-01,7690.985,2135.9,1918.833,8.9478041427236,7.66664338250476,7.55947246772893,8.93820968084411,7.65997293311907,7.5514096485742,0.00959446187948387,0.00667044938568839,0.00806281915473051,-0.0063755858800203,-0.0134276136989753,0.00744351145334488,0.010947410739873,-0.00094950617893641,0.0266749341245935,-0.00106548337224943,-0.0332456356213431,0.00761751336354966,0.0171137236105823
"100",1984-10-01,7754.117,2149.3,1959.121,8.95597920710337,7.67289748671323,7.58025118224434,8.9478041427236,7.66664338250476,7.55947246772893,0.00817506437977045,0.00625410420847139,0.0207787145154095,-0.000416345177217003,0.012715895360679,-0.0063755858800203,-0.0134276136989753,0.00744351145334488,0.010947410739873,-0.00094950617893641,0.0266749341245935,0.00655202999130022,-0.0161319120107608
"101",1985-01-01,7829.26,2206.6,1980.458,8.96562327621725,7.69920814832621,7.59108341007114,8.95597920710337,7.67289748671323,7.58025118224434,0.00964406911388593,0.0263106616129756,0.0108322278268007,0.0200565574045042,-0.00994648668860876,-0.000416345177217003,0.012715895360679,-0.0063755858800203,-0.0134276136989753,0.00744351145334488,0.010947410739873,0.00560252381236381,0.0105430221138327
"102",1985-04-01,7898.194,2220,2024.41,8.97438940472548,7.70526247486633,7.61303357906295,8.96562327621725,7.69920814832621,7.59108341007114,0.00876612850822411,0.00605432654011917,0.0219501689918165,-0.0202563350728564,0.0111179411650157,0.0200565574045042,-0.00994648668860876,-0.000416345177217003,0.012715895360679,-0.0063755858800203,-0.0134276136989753,0.0130460352657087,0.0214904328537058
"103",1985-07-01,8018.809,2255.8,2070.55,8.98954518609214,7.72125995620582,7.63556955145038,8.97438940472548,7.70526247486633,7.61303357906295,0.0151557813666621,0.0159974813394914,0.0225359723874314,0.00994315479937224,0.000585803395614981,-0.0202563350728564,0.0111179411650157,0.0200565574045042,-0.00994648668860876,-0.000416345177217003,0.012715895360679,0.00667044938568839,0.00806281915473051
"104",1985-10-01,8078.415,2274.7,2079.086,8.99695096890625,7.72960345455782,7.63968365304383,8.98954518609214,7.72125995620582,7.63556955145038,0.00740578281411608,0.00834349835199966,0.00411410159344339,-0.00765398298749176,-0.018421870793988,0.00994315479937224,0.000585803395614981,-0.0202563350728564,0.0111179411650157,0.0200565574045042,-0.00994648668860876,0.00625410420847139,0.0207787145154095
"105",1986-01-01,8153.829,2276.7,2095.512,9.00624291185687,7.73048230507798,7.64755319390564,8.99695096890625,7.72960345455782,7.63968365304383,0.00929194295061464,0.000878850520160235,0.00786954086180991,-0.00746464783183942,0.00375543926836652,-0.00765398298749176,-0.018421870793988,0.00994315479937224,0.000585803395614981,-0.0202563350728564,0.0111179411650157,0.0263106616129756,0.0108322278268007
"106",1986-04-01,8190.552,2353.1,2139.194,9.01073657384329,7.76348888676183,7.66818440155691,9.00624291185687,7.73048230507798,7.64755319390564,0.00449366198641599,0.0330065816838578,0.0206312076512711,0.0321277311636976,0.0127616667894612,-0.00746464783183942,0.00375543926836652,-0.00765398298749176,-0.018421870793988,0.00994315479937224,0.000585803395614981,0.00605432654011917,0.0219501689918165
"107",1986-07-01,8268.935,2398.7,2185.789,9.02026100100679,7.78268220291498,7.68973214074752,9.01073657384329,7.76348888676183,7.66818440155691,0.00952442716350177,0.0191933161531503,0.0215477391906154,-0.0138132655307075,0.000916531539344234,0.0321277311636976,0.0127616667894612,-0.00746464783183942,0.00375543926836652,-0.00765398298749176,-0.018421870793988,0.0159974813394914,0.0225359723874314
"108",1986-10-01,8313.338,2438.7,2176.757,9.02561649191299,7.79922038942064,7.68559143350693,9.02026100100679,7.78268220291498,7.68973214074752,0.00535549090620613,0.0165381865056515,-0.00414070724059279,-0.00265512964749881,-0.0256884464312082,-0.0138132655307075,0.000916531539344234,0.0321277311636976,0.0127616667894612,-0.00746464783183942,0.00375543926836652,0.00834349835199966,0.00411410159344339
"109",1987-01-01,8375.274,2463.1,2189.523,9.03303907257601,7.80917599818956,7.69143899086771,9.02561649191299,7.79922038942064,7.68559143350693,0.0074225806630146,0.00995560876892743,0.00584755736078257,-0.0065825777367241,0.00998826460137536,-0.00265512964749881,-0.0256884464312082,-0.0138132655307075,0.000916531539344234,0.0321277311636976,0.0127616667894612,0.000878850520160235,0.00786954086180991
"110",1987-04-01,8465.63,2455.8,2206.5,9.04376971589713,7.80620785272641,7.6991628287096,9.03303907257601,7.80917599818956,7.69143899086771,0.0107306433211232,-0.00296814546315094,0.00772383784188779,-0.0129237542320784,0.00187628048110522,-0.0065825777367241,0.00998826460137536,-0.00265512964749881,-0.0256884464312082,-0.0138132655307075,0.000916531539344234,0.0330065816838578,0.0206312076512711
"111",1987-07-01,8539.075,2442,2208.818,9.05240796709892,7.80057265467065,7.70021280980404,9.04376971589713,7.80620785272641,7.6991628287096,0.00863825120178952,-0.00563519805576274,0.0010499810944351,-0.0026670525926118,-0.00667385674745269,-0.0129237542320784,0.00187628048110522,-0.0065825777367241,0.00998826460137536,-0.00265512964749881,-0.0256884464312082,0.0191933161531503,0.0215477391906154
"112",1987-10-01,8685.694,2447.7,2241.934,9.0694325833699,7.80290408710286,7.71509416519701,9.05240796709892,7.80057265467065,7.70021280980404,0.017024616270982,0.00233143243221434,0.0148813553929781,0.00796663048797708,0.013831374298543,-0.0026670525926118,-0.00667385674745269,-0.0129237542320784,0.00187628048110522,-0.0065825777367241,0.00998826460137536,0.0165381865056515,-0.00414070724059279
"113",1988-01-01,8730.569,2454.7,2223.229,9.07458582425837,7.80575983316897,7.70671592260374,9.0694325833699,7.80290408710286,7.71509416519701,0.00515324088846469,0.00285574606610961,-0.00837824259327125,0.000524313633895268,-0.0232595979862493,0.00796663048797708,0.013831374298543,-0.0026670525926118,-0.00667385674745269,-0.0129237542320784,0.00187628048110522,0.00995560876892743,0.00584755736078257
"114",1988-04-01,8845.28,2483.5,2229.868,9.08763926239583,7.81742413454741,7.70969766987709,9.07458582425837,7.80575983316897,7.70671592260374,0.0130534381374652,0.0116643013784312,0.00298174727334466,0.00880855531232161,0.0113599898666159,0.000524313633895268,-0.0232595979862493,0.00796663048797708,0.013831374298543,-0.0026670525926118,-0.00667385674745269,-0.00296814546315094,0.00772383784188779
"115",1988-07-01,8897.107,2487.1,2230.13,9.09348144669825,7.81887265208229,7.70981515871915,9.08763926239583,7.81742413454741,7.70969766987709,0.00584218430241279,0.0014485175348895,0.000117488842057867,-0.0102157838435417,-0.00286425843128679,0.00880855531232161,0.0113599898666159,0.000524313633895268,-0.0232595979862493,0.00796663048797708,0.013831374298543,-0.00563519805576274,0.0010499810944351
"116",1988-10-01,9015.661,2473.1,2273.404,9.10671845519018,7.81322770342041,7.72903354673026,9.09348144669825,7.81887265208229,7.70981515871915,0.013237008491938,-0.0056449486618817,0.0192183880111099,-0.0070934661967712,0.019100899169052,-0.0102157838435417,-0.00286425843128679,0.00880855531232161,0.0113599898666159,0.000524313633895268,-0.0232595979862493,0.00233143243221434,0.0148813553929781
"117",1989-01-01,9107.314,2468.4,2263.411,9.11683310594565,7.81132544644691,7.72462824646525,9.10671845519018,7.81322770342041,7.72903354673026,0.0101146507554688,-0.00190225697350144,-0.00440530026500952,0.00374269168838026,-0.0236236882761194,-0.0070934661967712,0.019100899169052,-0.0102157838435417,-0.00286425843128679,0.00880855531232161,0.0113599898666159,0.00285574606610961,-0.00837824259327125
"118",1989-04-01,9176.827,2441.9,2298.225,9.12443678116481,7.80053170379122,7.73989236484286,9.11683310594565,7.81132544644691,7.72462824646525,0.00760367521915306,-0.0107937426556877,0.0152641183776172,-0.00889148568218623,0.0196694186426267,0.00374269168838026,-0.0236236882761194,-0.0070934661967712,0.019100899169052,-0.0102157838435417,-0.00286425843128679,0.0116643013784312,0.00298174727334466
"119",1989-07-01,9244.816,2451.7,2318.902,9.13181824097308,7.80453694046807,7.74884907676792,9.12443678116481,7.80053170379122,7.73989236484286,0.00738145980827909,0.00400523667684283,0.00895671192505354,0.0147989793325305,-0.00630740645256367,-0.00889148568218623,0.0196694186426267,0.00374269168838026,-0.0236236882761194,-0.0070934661967712,0.019100899169052,0.0014485175348895,0.000117488842057867
"120",1989-10-01,9263.033,2483.3,2330.534,9.13378681180841,7.81734359979662,7.75385270485034,9.13181824097308,7.80453694046807,7.74884907676792,0.00196857083532365,0.0128066593285503,0.00500362808241839,0.00880142265170747,-0.00395308384263515,0.0147989793325305,-0.00630740645256367,-0.00889148568218623,0.0196694186426267,0.00374269168838026,-0.0236236882761194,-0.0056449486618817,0.0192183880111099
"121",1990-01-01,9364.259,2483.8,2367.8,9.14465548734833,7.81754492451393,7.76971653297754,9.13378681180841,7.81734359979662,7.75385270485034,0.0108686755399212,0.000201324717314932,0.0158638281272001,-0.0126053346112354,0.0108602000447817,0.00880142265170747,-0.00395308384263515,0.0147989793325305,-0.00630740645256367,-0.00889148568218623,0.0196694186426267,-0.00190225697350144,-0.00440530026500952
"122",1990-04-01,9398.243,2483.8,2371.533,9.14827803589371,7.81754492451393,7.77129186046434,9.14465548734833,7.81754492451393,7.76971653297754,0.00362254854538335,0,0.00157532748680111,-0.000201324717314932,-0.014288500640399,-0.0126053346112354,0.0108602000447817,0.00880142265170747,-0.00395308384263515,0.0147989793325305,-0.00630740645256367,-0.0107937426556877,0.0152641183776172
"123",1990-07-01,9404.494,2470.9,2375.306,9.14894293911821,7.81233773572413,7.77288155027457,9.14827803589371,7.81754492451393,7.77129186046434,0.000664903224492974,-0.0052071887898002,0.00158968981023655,-0.0052071887898002,1.43623234354351e-05,-0.000201324717314932,-0.014288500640399,-0.0126053346112354,0.0108602000447817,0.00880142265170747,-0.00395308384263515,0.00400523667684283,0.00895671192505354
"124",1990-10-01,9318.876,2443.3,2391.188,9.1397972995484,7.80110486355473,7.77954559255633,9.14894293911821,7.81233773572413,7.77288155027457,-0.0091456395698053,-0.0112328721694066,0.00666404228175921,-0.00602568337960641,0.00507435247152266,-0.0052071887898002,1.43623234354351e-05,-0.000201324717314932,-0.014288500640399,-0.0126053346112354,0.0108602000447817,0.0128066593285503,0.00500362808241839
"125",1991-01-01,9275.276,2440.8,2405.447,9.13510764444529,7.80008113340246,7.78549102805538,9.1397972995484,7.80110486355473,7.77954559255633,-0.00468965510310859,-0.00102373015226487,0.00594543549904447,0.0102091420171417,-0.000718606782714737,-0.00602568337960641,0.00507435247152266,-0.0052071887898002,1.43623234354351e-05,-0.000201324717314932,-0.014288500640399,0.000201324717314932,0.0158638281272001
"126",1991-04-01,9347.597,2466.6,2415.232,9.14287458390361,7.81059596313189,7.78955062772519,9.13510764444529,7.80008113340246,7.78549102805538,0.00776693945831397,0.0105148297294271,0.00405959966981673,0.0115385598816919,-0.00188583582922774,0.0102091420171417,-0.000718606782714737,-0.00602568337960641,0.00507435247152266,-0.0052071887898002,1.43623234354351e-05,0,0.00157532748680111
"127",1991-07-01,9394.834,2464.1,2408.467,9.14791524271861,7.80958190824547,7.78674572450246,9.14287458390361,7.81059596313189,7.78955062772519,0.0050406588150036,-0.0010140548864177,-0.00280490322273064,-0.0115288846158448,-0.00686450289254736,0.0115385598816919,-0.00188583582922774,0.0102091420171417,-0.000718606782714737,-0.00602568337960641,0.00507435247152266,-0.0052071887898002,0.00158968981023655
"128",1991-10-01,9427.581,2449.1,2390.844,9.15139482098104,7.80347588911158,7.7794017206623,9.14791524271861,7.80958190824547,7.78674572450246,0.00347957826243395,-0.00610601913388731,-0.00734400384016709,-0.0050919642474696,-0.00453910061743645,-0.0115288846158448,-0.00686450289254736,0.0115385598816919,-0.00188583582922774,0.0102091420171417,-0.000718606782714737,-0.0112328721694066,0.00666404228175921
"129",1992-01-01,9540.444,2444.8,2412.033,9.16329530423984,7.8017185989722,7.78822523934552,9.15139482098104,7.80347588911158,7.7794017206623,0.011900483258799,-0.00175729013938053,0.0088235186832275,0.00434872899450678,0.0161675225233946,-0.0050919642474696,-0.00453910061743645,-0.0115288846158448,-0.00686450289254736,0.0115385598816919,-0.00188583582922774,-0.00102373015226487,0.00594543549904447
"130",1992-04-01,9643.893,2438.8,2407.369,9.17408014425818,7.79926139403366,7.78628972890003,9.16329530423984,7.8017185989722,7.78822523934552,0.010784840018335,-0.00245720493854051,-0.00193551044549611,-0.000699914799159984,-0.0107590291287236,0.00434872899450678,0.0161675225233946,-0.0050919642474696,-0.00453910061743645,-0.0115288846158448,-0.00686450289254736,0.0105148297294271,0.00405959966981673
"131",1992-07-01,9739.185,2415.6,2422.703,9.1839127175709,7.78970298243375,7.79263913798371,9.17408014425818,7.79926139403366,7.78628972890003,0.00983257331272647,-0.00955841159991522,0.0063494090836782,-0.0071012066613747,0.00828491952917432,-0.000699914799159984,-0.0107590291287236,0.00434872899450678,0.0161675225233946,-0.0050919642474696,-0.00453910061743645,-0.0010140548864177,-0.00280490322273064
"132",1992-10-01,9840.753,2416.2,2422.424,9.1942875115087,7.78995133708546,7.79252397072377,9.1839127175709,7.78970298243375,7.79263913798371,0.0103747939377978,0.000248354651717797,-0.000115167259933102,0.00980676625163301,-0.00646457634361131,-0.0071012066613747,0.00828491952917432,-0.000699914799159984,-0.0107590291287236,0.00434872899450678,0.0161675225233946,-0.00610601913388731,-0.00734400384016709
"133",1993-01-01,9857.185,2394.3,2392.371,9.19595590987726,7.78084619155007,7.78004020337816,9.1942875115087,7.78995133708546,7.79252397072377,0.0016683983685617,-0.00910514553539077,-0.0124837673456151,-0.00935350018710857,-0.012368600085682,0.00980676625163301,-0.00646457634361131,-0.0071012066613747,0.00828491952917432,-0.000699914799159984,-0.0107590291287236,-0.00175729013938053,0.0088235186832275
"134",1993-04-01,9914.565,2372.3,2392.585,9.20176016707163,7.77161522766832,7.78012965038672,9.19595590987726,7.78084619155007,7.78004020337816,0.00580425719437017,-0.0092309638817536,8.94470085581744e-05,-0.000125818346362827,0.0125732143541732,-0.00935350018710857,-0.012368600085682,0.00980676625163301,-0.00646457634361131,-0.0071012066613747,0.00828491952917432,-0.00245720493854051,-0.00193551044549611
"135",1993-07-01,9961.873,2382,2395.987,9.20652038510788,7.77569574991525,7.7815505335111,9.20176016707163,7.77161522766832,7.78012965038672,0.00476021803624604,0.00408052224692579,0.00142088312438915,0.0133114861286794,0.00133143611583098,-0.000125818346362827,0.0125732143541732,-0.00935350018710857,-0.012368600085682,0.00980676625163301,-0.00646457634361131,-0.00955841159991522,0.0063494090836782
"136",1993-10-01,10097.362,2374.1,2404.447,9.22002948059498,7.77237369728162,7.78507521847021,9.20652038510788,7.77569574991525,7.7815505335111,0.0135090954871018,-0.00332205263362262,0.00352468495910951,-0.00740257488054841,0.00210380183472036,0.0133114861286794,0.00133143611583098,-0.000125818346362827,0.0125732143541732,-0.00935350018710857,-0.012368600085682,0.000248354651717797,-0.000115167259933102
"137",1994-01-01,10195.338,2375.2,2374.698,9.22968583596561,7.77283692344955,7.77262555048875,9.22002948059498,7.77237369728162,7.78507521847021,0.00965635537063037,0.000463226167926933,-0.0124496679814605,0.00378527880154955,-0.01597435294057,-0.00740257488054841,0.00210380183472036,0.0133114861286794,0.00133143611583098,-0.000125818346362827,0.0125732143541732,-0.00910514553539077,-0.0124837673456151
"138",1994-04-01,10333.495,2365,2386.451,9.24314583983808,7.76853330092603,7.7775626040751,9.22968583596561,7.77283692344955,7.77262555048875,0.0134600038724688,-0.00430362252351646,0.00493705358634244,-0.00476684869144339,0.017386721567803,0.00378527880154955,-0.01597435294057,-0.00740257488054841,0.00210380183472036,0.0133114861286794,0.00133143611583098,-0.0092309638817536,8.94470085581744e-05
"139",1994-07-01,10393.898,2350.5,2426.679,9.24897418216638,7.76238335046419,7.79427893492729,9.24314583983808,7.76853330092603,7.7775626040751,0.00582834232829832,-0.00614995046184763,0.0167163308521925,-0.00184632793833117,0.01177927726585,-0.00476684869144339,0.017386721567803,0.00378527880154955,-0.01597435294057,-0.00740257488054841,0.00210380183472036,0.00408052224692579,0.00142088312438915
"140",1994-10-01,10512.962,2332.2,2405.565,9.26036425099686,7.75456730708623,7.78554008218371,9.24897418216638,7.76238335046419,7.79427893492729,0.0113900688304849,-0.00781604337795283,-0.00873885274358166,-0.0016660929161052,-0.0254551835957741,-0.00184632793833117,0.01177927726585,-0.00476684869144339,0.017386721567803,0.00378527880154955,-0.01597435294057,-0.00332205263362262,0.00352468495910951
"141",1995-01-01,10550.251,2320.5,2413.98,9.26390493009039,7.74953795868123,7.78903211661901,9.26036425099686,7.75456730708623,7.78554008218371,0.00354067909353084,-0.00502934840500213,0.00349203443530666,0.0027866949729507,0.0122308871788883,-0.0016660929161052,-0.0254551835957741,-0.00184632793833117,0.01177927726585,-0.00476684869144339,0.017386721567803,0.000463226167926933,-0.0124496679814605
"142",1995-04-01,10581.723,2305.1,2422.091,9.26688354659529,7.74287933843763,7.79238649566155,9.26390493009039,7.74953795868123,7.78903211661901,0.00297861650489573,-0.00665862024359853,0.00335437904253943,-0.0016292718385964,-0.000137655392767222,0.0027866949729507,0.0122308871788883,-0.0016660929161052,-0.0254551835957741,-0.00184632793833117,0.01177927726585,-0.00430362252351646,0.00493705358634244
"143",1995-07-01,10671.738,2337.7,2415.736,9.27535421762916,7.75692281899999,7.78975928156096,9.26688354659529,7.74287933843763,7.79238649566155,0.00847067103386578,0.0140434805623597,-0.00262721410059452,0.0207021008059582,-0.00598159314313396,-0.0016292718385964,-0.000137655392767222,0.0027866949729507,0.0122308871788883,-0.0016660929161052,-0.0254551835957741,-0.00614995046184763,0.0167163308521925
"144",1995-10-01,10744.203,2354,2390.46,9.28212163229115,7.76387128782022,7.7792410950251,9.27535421762916,7.75692281899999,7.78975928156096,0.00676741466199005,0.00694846882023015,-0.0105181865358634,-0.00709501174212956,-0.00789097243526893,0.0207021008059582,-0.00598159314313396,-0.0016292718385964,-0.000137655392767222,0.0027866949729507,0.0122308871788883,-0.00781604337795283,-0.00873885274358166
"145",1996-01-01,10824.674,2358,2406.228,9.28958343694377,7.76556908109732,7.78581565513716,9.28212163229115,7.76387128782022,7.7792410950251,0.00746180465262469,0.00169779327709474,0.00657456011206037,-0.00525067554313541,0.0170927466479238,-0.00709501174212956,-0.00789097243526893,0.0207021008059582,-0.00598159314313396,-0.0016292718385964,-0.000137655392767222,-0.00502934840500213,0.00349203443530666
"146",1996-04-01,11005.217,2368.8,2436.198,9.30612471207602,7.77013877678738,7.79819390631486,9.28958343694377,7.76556908109732,7.78581565513716,0.0165412751322478,0.00456969569006471,0.0123782511777053,0.00287190241296997,0.00580369106564493,-0.00525067554313541,0.0170927466479238,-0.00709501174212956,-0.00789097243526893,0.0207021008059582,-0.00598159314313396,-0.00665862024359853,0.00335437904253943
"147",1996-07-01,11103.935,2380.3,2436.182,9.31505482898305,7.774981809142,7.79818733868261,9.30612471207602,7.77013877678738,7.79819390631486,0.00893011690703638,0.00484303235462047,-6.56763224604617e-06,0.000273336664555757,-0.0123848188099513,0.00287190241296997,0.00580369106564493,-0.00525067554313541,0.0170927466479238,-0.00709501174212956,-0.00789097243526893,0.0140434805623597,-0.00262721410059452
"148",1996-10-01,11219.238,2384.8,2452.994,9.32538526233189,7.77687054236386,7.80506459827099,9.31505482898305,7.774981809142,7.79818733868261,0.0103304333488392,0.00188873322186023,0.00687725958837415,-0.00295429913276024,0.0068838272206202,0.000273336664555757,-0.0123848188099513,0.00287190241296997,0.00580369106564493,-0.00525067554313541,0.0170927466479238,0.00694846882023015,-0.0105181865358634
"149",1997-01-01,11291.665,2405.6,2440.245,9.33182012191241,7.78555463167432,7.79985372308258,9.32538526233189,7.77687054236386,7.80506459827099,0.00643485958051215,0.00868408931045739,-0.00521087518840613,0.00679535608859716,-0.0120881347767803,-0.00295429913276024,0.0068838272206202,0.000273336664555757,-0.0123848188099513,0.00287190241296997,0.00580369106564493,0.00169779327709474,0.00657456011206037
"150",1997-04-01,11479.33,2424.6,2471.867,9.34830330580107,7.79342184131248,7.81272901454117,9.33182012191241,7.78555463167432,7.79985372308258,0.0164831838886634,0.00786720963816379,0.0128752914585908,-0.000816879672293602,0.0180861666469969,0.00679535608859716,-0.0120881347767803,-0.00295429913276024,0.0068838272206202,0.000273336664555757,-0.0123848188099513,0.00456969569006471,0.0123782511777053
"151",1997-07-01,11622.911,2446.3,2483.31,9.36073351538304,7.80233195794954,7.8173476266882,9.34830330580107,7.79342184131248,7.81272901454117,0.0124302095819697,0.00891011663705488,0.0046186121470253,0.00104290699889109,-0.00825667931156548,-0.000816879672293602,0.0180861666469969,0.00679535608859716,-0.0120881347767803,-0.00295429913276024,0.0068838272206202,0.00484303235462047,-6.56763224604617e-06
"152",1997-10-01,11722.722,2472,2495.772,9.36928428872428,7.81278281857758,7.82235337916316,9.36073351538304,7.80233195794954,7.8173476266882,0.00855077334124132,0.0104508606280431,0.00500575247495938,0.00154074399098825,0.000387140327934077,0.00104290699889109,-0.00825667931156548,-0.000816879672293602,0.0180861666469969,0.00679535608859716,-0.0120881347767803,0.00188873322186023,0.00687725958837415
"153",1998-01-01,11839.876,2503.8,2486.841,9.37922843541018,7.82556485682556,7.8187685093109,9.36928428872428,7.81278281857758,7.82235337916316,0.0099441466859016,0.0127820382479804,-0.00358486985225337,0.00233117761993729,-0.00859062232721275,0.00154074399098825,0.000387140327934077,0.00104290699889109,-0.00825667931156548,-0.000816879672293602,0.0180861666469969,0.00868408931045739,-0.00521087518840613
"154",1998-04-01,11949.492,2552.5,2530.365,9.38844404599581,7.84482855003882,7.83611884009053,9.37922843541018,7.82556485682556,7.8187685093109,0.00921561058562759,0.0192636932132588,0.0173503307796254,0.00648165496527842,0.0209352006318788,0.00233117761993729,-0.00859062232721275,0.00154074399098825,0.000387140327934077,0.00104290699889109,-0.00825667931156548,0.00786720963816379,0.0128752914585908
"155",1998-07-01,12099.191,2575.9,2549.426,9.4008938698455,7.85395426659496,7.84362351477489,9.38844404599581,7.84482855003882,7.83611884009053,0.0124498238496944,0.00912571655613625,0.00750467468435989,-0.0101379766571226,-0.00984565609526555,0.00648165496527842,0.0209352006318788,0.00233117761993729,-0.00859062232721275,0.00154074399098825,0.000387140327934077,0.00891011663705488,0.0046186121470253
"156",1998-10-01,12294.737,2628.2,2564.473,9.41692656361223,7.87405448020954,7.8495082784058,9.4008938698455,7.85395426659496,7.84362351477489,0.0160326937667303,0.0201002136145814,0.00588476363090606,0.0109744970584451,-0.00161991105345383,-0.0101379766571226,-0.00984565609526555,0.00648165496527842,0.0209352006318788,0.00233117761993729,-0.00859062232721275,0.0104508606280431,0.00500575247495938
"157",1999-01-01,12410.778,2673.1,2582.887,9.42632056761155,7.89099412658766,7.85666304455855,9.41692656361223,7.87405448020954,7.8495082784058,0.00939400399931678,0.0169396463781233,0.00715476615275801,-0.00316056723645808,0.00127000252185194,0.0109744970584451,-0.00161991105345383,-0.0101379766571226,-0.00984565609526555,0.00648165496527842,0.0209352006318788,0.0127820382479804,-0.00358486985225337
"158",1999-04-01,12514.408,2688.8,2592.218,9.43463589951092,7.8968502764109,7.86026915887382,9.42632056761155,7.89099412658766,7.85666304455855,0.00831533189937339,0.00585614982323435,0.00360611431526081,-0.0110834965548889,-0.0035486518374972,-0.00316056723645808,0.00127000252185194,0.0109744970584451,-0.00161991105345383,-0.0101379766571226,-0.00984565609526555,0.0192636932132588,0.0173503307796254
"159",1999-07-01,12679.977,2720.2,2623.423,9.44777941410945,7.90846068599865,7.87223523259122,9.43463589951092,7.8968502764109,7.86026915887382,0.0131435145985215,0.0116104095877576,0.0119660737174065,0.00575425976452326,0.00835995940214573,-0.0110834965548889,-0.0035486518374972,-0.00316056723645808,0.00127000252185194,0.0109744970584451,-0.00161991105345383,0.00912571655613625,0.00750467468435989
"160",1999-10-01,12888.281,2731.4,2664.236,9.46407372784693,7.91256957724432,7.88767261632513,9.44777941410945,7.90846068599865,7.87223523259122,0.016294313737486,0.0041088912456706,0.015437383733909,-0.00750151834208701,0.00347131001650247,0.00575425976452326,0.00835995940214573,-0.0110834965548889,-0.0035486518374972,-0.00316056723645808,0.00127000252185194,0.0201002136145814,0.00588476363090606
"161",2000-01-01,12935.252,2756.2,2645.323,9.46771157645587,7.92160819844104,7.88054845403897,9.46407372784693,7.91256957724432,7.88767261632513,0.00363784860893723,0.00903862119672016,-0.00712416228616153,0.00492972995104957,-0.0225615460200705,-0.00750151834208701,0.00347131001650247,0.00575425976452326,0.00835995940214573,-0.0110834965548889,-0.0035486518374972,0.0169396463781233,0.00715476615275801
"162",2000-04-01,13170.749,2788.8,2671.398,9.48575366479825,7.93336667476576,7.89035720987162,9.46771157645587,7.92160819844104,7.88054845403897,0.0180420883423817,0.0117584763247125,0.00980875583264673,0.00271985512799233,0.0169329181188083,0.00492972995104957,-0.0225615460200705,-0.00750151834208701,0.00347131001650247,0.00575425976452326,0.00835995940214573,0.00585614982323435,0.00360611431526081
"163",2000-07-01,13183.89,2773.2,2660.139,9.48675090866784,7.92775716706833,7.88613365604956,9.48575366479825,7.93336667476576,7.89035720987162,0.000997243869592879,-0.00560950769742163,-0.00422355382205186,-0.0173679840221341,-0.0140323096546986,0.00271985512799233,0.0169329181188083,0.00492972995104957,-0.0225615460200705,-0.00750151834208701,0.00347131001650247,0.0116104095877576,0.0119660737174065
"164",2000-10-01,13262.25,2800,2676.446,9.4926769326032,7.9373746961633,7.89224507402744,9.48675090866784,7.92775716706833,7.88613365604956,0.00592602393535202,0.00961752909496028,0.00611141797787607,0.0152270367923819,0.0103349717999279,-0.0173679840221341,-0.0140323096546986,0.00271985512799233,0.0169329181188083,0.00492972995104957,-0.0225615460200705,0.0041088912456706,0.015437383733909
"165",2001-01-01,13219.251,2833.3,2718.291,9.48942945521969,7.94919738903521,7.90775865299781,9.4926769326032,7.9373746961633,7.89224507402744,-0.00324747738350162,0.0118226928719158,0.0155135789703662,0.00220516377695557,0.00940216099249014,0.0152270367923819,0.0103349717999279,-0.0173679840221341,-0.0140323096546986,0.00271985512799233,0.0169329181188083,0.00903862119672016,-0.00712416228616153
"166",2001-04-01,13301.394,2911.1,2765.415,9.49562412074752,7.97628629561179,7.92494599310991,9.48942945521969,7.94919738903521,7.90775865299781,0.0061946655278291,0.0270889065765809,0.0171873401121028,0.0152662137046651,0.00167376114173656,0.00220516377695557,0.00940216099249014,0.0152270367923819,0.0103349717999279,-0.0173679840221341,-0.0140323096546986,0.0117584763247125,0.00980875583264673
"167",2001-07-01,13248.142,2932.6,2762.681,9.49161259516663,7.98364468054298,7.92395686404163,9.49562412074752,7.97628629561179,7.92494599310991,-0.00401152558089279,0.00735838493118646,-0.000989129068274863,-0.0197305216453945,-0.0181764691803776,0.0152662137046651,0.00167376114173656,0.00220516377695557,0.00940216099249014,0.0152270367923819,0.0103349717999279,-0.00560950769742163,-0.00422355382205186
"168",2001-10-01,13284.881,3004.5,2808.498,9.49438190068296,8.00786644377398,7.94040509984832,9.49161259516663,7.98364468054298,7.92395686404163,0.00276930551633292,0.0242217632310044,0.0164482358066902,0.016863378299818,0.0174373648749651,-0.0197305216453945,-0.0181764691803776,0.0152662137046651,0.00167376114173656,0.00220516377695557,0.00940216099249014,0.00961752909496028,0.00611141797787607
"169",2002-01-01,13394.91,3068.7,2857.336,9.50263006303116,8.02900929813107,7.95764500119604,9.49438190068296,8.00786644377398,7.94040509984832,0.00824816234820069,0.0211428543570893,0.0172399013477129,-0.00307890887391515,0.000791665541022724,0.016863378299818,0.0174373648749651,-0.0197305216453945,-0.0181764691803776,0.0152662137046651,0.00167376114173656,0.0118226928719158,0.0155135789703662
"170",2002-04-01,13477.356,3064.4,2879.282,9.50876622279462,8.02760707064267,7.96529623649264,9.50263006303116,8.02900929813107,7.95764500119604,0.00613615976345727,-0.00140222748840557,0.00765123529660272,-0.0225450818454949,-0.0095886660511102,-0.00307890887391515,0.000791665541022724,0.016863378299818,0.0174373648749651,-0.0197305216453945,-0.0181764691803776,0.0270889065765809,0.0171873401121028
"171",2002-07-01,13531.741,3104.6,2894.18,9.5127933899007,8.04064016159234,7.97045710290755,9.50876622279462,8.02760707064267,7.96529623649264,0.00402716710607898,0.0130330909496763,0.0051608664149061,0.0144353184380819,-0.00249036888169663,-0.0225450818454949,-0.0095886660511102,-0.00307890887391515,0.000791665541022724,0.016863378299818,0.0174373648749651,0.00735838493118646,-0.000989129068274863
"172",2002-10-01,13549.421,3145.5,2915.62,9.51409909476756,8.05372813901008,7.97783776913606,9.5127933899007,8.04064016159234,7.97045710290755,0.00130570486686032,0.0130879774177419,0.00738066622851452,5.4886468065618e-05,0.00221979981360843,0.0144353184380819,-0.00249036888169663,-0.0225450818454949,-0.0095886660511102,-0.00307890887391515,0.000791665541022724,0.0242217632310044,0.0164482358066902
"173",2003-01-01,13619.434,3178.3,2917.867,9.5192530223055,8.06410174163443,7.97860814888016,9.51409909476756,8.05372813901008,7.97783776913606,0.00515392753793797,0.0103736026243499,0.00077037974409766,-0.00271437479339198,-0.00661028648441686,5.4886468065618e-05,0.00221979981360843,0.0144353184380819,-0.00249036888169663,-0.0225450818454949,-0.0095886660511102,0.0211428543570893,0.0172399013477129
"174",2003-04-01,13741.107,3219.3,2944.719,9.52814713021653,8.07691922360119,7.98776867557404,9.5192530223055,8.06410174163443,7.97860814888016,0.00889410791102918,0.0128174819667564,0.00916052669388367,0.00244387934240642,0.00839014694978601,-0.00271437479339198,-0.00661028648441686,5.4886468065618e-05,0.00221979981360843,0.0144353184380819,-0.00249036888169663,-0.00140222748840557,0.00765123529660272
"175",2003-07-01,13970.157,3288.7,2951.221,9.54467869055579,8.09824762889419,7.98997426200667,9.52814713021653,8.07691922360119,7.98776867557404,0.01653156033926,0.0213284052930032,0.00220558643263224,0.00851092332624681,-0.00695494026125143,0.00244387934240642,0.00839014694978601,-0.00271437479339198,-0.00661028648441686,5.4886468065618e-05,0.00221979981360843,0.0130330909496763,0.0051608664149061
"176",2003-10-01,14131.379,3278.8,2969.138,9.55615306468873,8.09523278077888,7.99602695397998,9.54467869055579,8.09824762889419,7.98997426200667,0.0114743741329395,-0.00301484811531871,0.00605269197330571,-0.0243432534083219,0.00384710554067347,0.00851092332624681,-0.00695494026125143,0.00244387934240642,0.00839014694978601,-0.00271437479339198,-0.00661028648441686,0.0130879774177419,0.00738066622851452
"177",2004-01-01,14212.34,3260.5,2982.735,9.56186588029973,8.08963583683326,8.000595943827,9.55615306468873,8.09523278077888,7.99602695397998,0.00571281561100534,-0.00559694394561916,0.00456898984701581,-0.00258209583030045,-0.0014837021262899,-0.0243432534083219,0.00384710554067347,0.00851092332624681,-0.00695494026125143,0.00244387934240642,0.00839014694978601,0.0103736026243499,0.00077037974409766
"178",2004-04-01,14323.017,3303.2,2990.824,9.56962310268135,8.10264697457188,8.00330421370236,9.56186588029973,8.08963583683326,8.000595943827,0.00775722238161336,0.0130111377386246,0.00270826987536843,0.0186080816842438,-0.00186071997164738,-0.00258209583030045,-0.0014837021262899,-0.0243432534083219,0.00384710554067347,0.00851092332624681,-0.00695494026125143,0.0128174819667564,0.00916052669388367
"179",2004-07-01,14457.832,3322.6,2996.334,9.5789915536283,8.10850288795238,8.00514482039942,9.56962310268135,8.10264697457188,8.00330421370236,0.00936845094695116,0.00585591338049696,0.00184060669706021,-0.00715522435812765,-0.00086766317830822,0.0186080816842438,-0.00186071997164738,-0.00258209583030045,-0.0014837021262899,-0.0243432534083219,0.00384710554067347,0.0213284052930032,0.00220558643263224
"180",2004-10-01,14605.595,3339.7,2994.627,9.5891599534648,8.11363626157737,8.00457496189219,9.5789915536283,8.10850288795238,8.00514482039942,0.0101683998364983,0.00513337362499655,-0.000569858507239118,-0.000722539755500406,-0.00241046520429933,-0.00715522435812765,-0.00086766317830822,0.0186080816842438,-0.00186071997164738,-0.00258209583030045,-0.0014837021262899,-0.00301484811531871,0.00605269197330571
"181",2005-01-01,14767.846,3352.5,3009.569,9.60020752873593,8.11746161515583,8.00955215812157,9.5891599534648,8.11363626157737,8.00457496189219,0.011047575271137,0.00382535357845981,0.00497719622938853,-0.00130802004653674,0.00554705473662764,-0.000722539755500406,-0.00241046520429933,-0.00715522435812765,-0.00086766317830822,0.0186080816842438,-0.00186071997164738,-0.00559694394561916,0.00456898984701581
"182",2005-04-01,14839.707,3332.3,3007.831,9.60506177259115,8.11141803524814,8.00897449998074,9.60020752873593,8.11746161515583,8.00955215812157,0.00485424385521505,-0.00604357990769344,-0.000577658140834103,-0.00986893348615325,-0.00555485437022263,-0.00130802004653674,0.00554705473662764,-0.000722539755500406,-0.00241046520429933,-0.00715522435812765,-0.00086766317830822,0.0130111377386246,0.00270826987536843
"183",2005-07-01,14956.291,3353.5,3017.773,9.6128872929818,8.11775985553979,8.01227442112456,9.60506177259115,8.11141803524814,8.00897449998074,0.00782552039065365,0.00634182029165054,0.00329992114381561,0.012385400199344,0.00387757928464971,-0.00986893348615325,-0.00555485437022263,-0.00130802004653674,0.00554705473662764,-0.000722539755500406,-0.00241046520429933,0.00585591338049696,0.00184060669706021
"184",2005-10-01,15041.232,3333.5,3020.133,9.61855050904261,8.11177808205811,8.01305614913429,9.6128872929818,8.11775985553979,8.01227442112456,0.005663216060805,-0.00598177348167717,0.000781728009737748,-0.0123235937733277,-0.00251819313407786,0.012385400199344,0.00387757928464971,-0.00986893348615325,-0.00555485437022263,-0.00130802004653674,0.00554705473662764,0.00513337362499655,-0.000569858507239118
"185",2006-01-01,15244.088,3373.1,3058.483,9.63194703474014,8.12358748182052,8.02567432038697,9.61855050904261,8.11177808205811,8.01305614913429,0.0133965256975372,0.0118093997624058,0.0126181712526758,0.017791173244083,0.0118364432429381,-0.0123235937733277,-0.00251819313407786,0.012385400199344,0.00387757928464971,-0.00986893348615325,-0.00555485437022263,0.00382535357845981,0.00497719622938853
"186",2006-04-01,15281.525,3387.4,3057.551,9.63439986140538,8.12781794445702,8.02536954771657,9.63194703474014,8.12358748182052,8.02567432038697,0.00245282666523572,0.00423046263650129,-0.000304772670398634,-0.00757893712590452,-0.0129229439230745,0.017791173244083,0.0118364432429381,-0.0123235937733277,-0.00251819313407786,0.012385400199344,0.00387757928464971,-0.00604357990769344,-0.000577658140834103
"187",2006-07-01,15304.517,3393.1,3053.11,9.63590329256726,8.12949923679319,8.0239160222201,9.63439986140538,8.12781794445702,8.02536954771657,0.00150343116188267,0.00168129233617087,-0.00145352549646738,-0.00254917030033042,-0.00114875282606874,-0.00757893712590452,-0.0129229439230745,0.017791173244083,0.0118364432429381,-0.0123235937733277,-0.00251819313407786,0.00634182029165054,0.00329992114381561
"188",2006-10-01,15433.643,3462.9,3078.215,9.64430501599974,8.14986166728898,8.03210516251169,9.63590329256726,8.12949923679319,8.0239160222201,0.0084017234324758,0.0203624304957835,0.00818914029159146,0.0186811381596126,0.00964266578805884,-0.00254917030033042,-0.00114875282606874,-0.00757893712590452,-0.0129229439230745,0.017791173244083,0.0118364432429381,-0.00598177348167717,0.000781728009737748
"189",2007-01-01,15478.956,3493.7,3082.482,9.64723670300895,8.15871662553088,8.03349039560539,9.64430501599974,8.14986166728898,8.03210516251169,0.00293168700921065,0.0088549582419013,0.00138523309369631,-0.0115074722538822,-0.00680390719789514,0.0186811381596126,0.00964266578805884,-0.00254917030033042,-0.00114875282606874,-0.00757893712590452,-0.0129229439230745,0.0118093997624058,0.0126181712526758
"190",2007-04-01,15577.779,3511,3110.661,9.65360075470575,8.16365617616843,8.04259052278274,9.64723670300895,8.15871662553088,8.03349039560539,0.00636405169679932,0.00493955063755536,0.00910012717734787,-0.00391540760434594,0.00771489408365156,-0.0115074722538822,-0.00680390719789514,0.0186811381596126,0.00964266578805884,-0.00254917030033042,-0.00114875282606874,0.00423046263650129,-0.000304772670398634
"191",2007-07-01,15671.605,3519.5,3124.883,9.65960575512094,8.16607421304819,8.04715212146961,9.65360075470575,8.16365617616843,8.04259052278274,0.0060050004151897,0.00241803687975484,0.00456159868686967,-0.00252151375780052,-0.0045385284904782,-0.00391540760434594,0.00771489408365156,-0.0115074722538822,-0.00680390719789514,0.0186811381596126,0.00964266578805884,0.00168129233617087,-0.00145352549646738
"192",2007-10-01,15767.146,3544.5,3149.542,9.66568368704112,8.17315238529507,8.05501232442314,9.65960575512094,8.16607421304819,8.04715212146961,0.00607793192018669,0.00707817224688512,0.0078602029535304,0.00466013536713028,0.00329860426666073,-0.00252151375780052,-0.0045385284904782,-0.00391540760434594,0.00771489408365156,-0.0115074722538822,-0.00680390719789514,0.0203624304957835,0.00818914029159146
"193",2008-01-01,15702.906,3536.3,3156.928,9.66160106974973,8.17083626178765,8.05735468183609,9.66568368704112,8.17315238529507,8.05501232442314,-0.00408261729138992,-0.00231612350742694,0.0023423574129513,-0.00939429575431205,-0.0055178455405791,0.00466013536713028,0.00329860426666073,-0.00252151375780052,-0.0045385284904782,-0.00391540760434594,0.00771489408365156,0.0088549582419013,0.00138523309369631
"194",2008-04-01,15792.773,3597.3,3184.258,9.66730770931016,8.1879388430535,8.06597457383226,9.66160106974973,8.17083626178765,8.05735468183609,0.00570663956042594,0.0171025812658527,0.00861989199617241,0.0194187047732797,0.00627753458322111,-0.00939429575431205,-0.0055178455405791,0.00466013536713028,0.00329860426666073,-0.00252151375780052,-0.0045385284904782,0.00493955063755536,0.00910012717734787
"195",2008-07-01,15709.562,3548.6,3210.02,9.66202485053,8.17430843848948,8.07403244663425,9.66730770931016,8.1879388430535,8.06597457383226,-0.00528285878015566,-0.0136304045640188,0.00805787280198444,-0.0307329858298715,-0.000562019194187968,0.0194187047732797,0.00627753458322111,-0.00939429575431205,-0.0055178455405791,0.00466013536713028,0.00329860426666073,0.00241803687975484,0.00456159868686967
"196",2008-10-01,15366.607,3669.7,3231.944,9.63995205744575,8.20786519383819,8.0808390927582,9.66202485053,8.17430843848948,8.07403244663425,-0.0220727930842539,0.0335567553487142,0.00680664612395709,0.0471871599127329,-0.00125122667802735,-0.0307329858298715,-0.000562019194187968,0.0194187047732797,0.00627753458322111,-0.00939429575431205,-0.0055178455405791,0.00707817224688512,0.0078602029535304
"197",2009-01-01,15187.475,3902.7,3268.818,9.62822635399101,8.26942390027562,8.09218373065613,9.63995205744575,8.20786519383819,8.0808390927582,-0.0117257034547364,0.0615587064374292,0.0113446378979223,0.0280019510887151,0.00453799177396519,0.0471871599127329,-0.00125122667802735,-0.0307329858298715,-0.000562019194187968,0.0194187047732797,0.00627753458322111,-0.00231612350742694,0.0023423574129513
"198",2009-04-01,15161.772,3934.9,3316.62,9.6265325389092,8.27764074756798,8.10670147103378,9.62822635399101,8.26942390027562,8.09218373065613,-0.00169381508181488,0.00821684729235628,0.0145177403776557,-0.0533418591450729,0.00317310247973346,0.0280019510887151,0.00453799177396519,0.0471871599127329,-0.00125122667802735,-0.0307329858298715,-0.000562019194187968,0.0171025812658527,0.00861989199617241
"199",2009-07-01,15216.647,3931.5,3325.682,9.63014530491167,8.27677631143157,8.10943004483916,9.6265325389092,8.27764074756798,8.10670147103378,0.00361276600247251,-0.000864436136408742,0.00272857380537594,-0.00908128342876502,-0.0117891665722798,-0.0533418591450729,0.00317310247973346,0.0280019510887151,0.00453799177396519,0.0471871599127329,-0.00125122667802735,-0.0136304045640188,0.00805787280198444
"200",2009-10-01,15379.155,3911.2,3331.645,9.64076830006785,8.27159951126444,8.11122145499362,9.63014530491167,8.27677631143157,8.10943004483916,0.0106229951561794,-0.00517680016713484,0.00179141015446049,-0.0043123640307261,-0.000937163650915451,-0.00908128342876502,-0.0117891665722798,-0.0533418591450729,0.00317310247973346,0.0280019510887151,0.00453799177396519,0.0335567553487142,0.00680664612395709
"201",2010-01-01,15456.059,3887.8,3317.347,9.6457563737328,8.26559872392801,8.10692064607728,9.64076830006785,8.27159951126444,8.11122145499362,0.00498807366494702,-0.00600078733642206,-0.00430080891633366,-0.000823987169287221,-0.00609221907079416,-0.0043123640307261,-0.000937163650915451,-0.00908128342876502,-0.0117891665722798,-0.0533418591450729,0.00317310247973346,0.0615587064374292,0.0113446378979223
"202",2010-04-01,15605.628,3924.9,3327.564,9.65538689740683,8.27509615218494,8.10999578374321,9.6457563737328,8.26559872392801,8.10692064607728,0.00963052367402817,0.00949742825692645,0.00307513766592038,0.0154982155933485,0.00737594658225404,-0.000823987169287221,-0.00609221907079416,-0.0043123640307261,-0.000937163650915451,-0.00908128342876502,-0.0117891665722798,0.00821684729235628,0.0145177403776557
"203",2010-07-01,15726.282,3959.6,3304.078,9.66308860447767,8.28389828904565,8.10291274211039,9.65538689740683,8.27509615218494,8.10999578374321,0.00770170707084716,0.0088021368607123,-0.0070830416328107,-0.000695291396214159,-0.0101581792987311,0.0154982155933485,0.00737594658225404,-0.000823987169287221,-0.00609221907079416,-0.0043123640307261,-0.000937163650915451,-0.000864436136408742,0.00272857380537594
"204",2010-10-01,15807.995,3993.4,3283.046,9.66827110369205,8.2923982773528,8.09652692897821,9.66308860447767,8.28389828904565,8.10291274211039,0.00518249921437963,0.00849998830714505,-0.00638581313218367,-0.00030214855356725,0.000697228500627034,-0.000695291396214159,-0.0101581792987311,0.0154982155933485,0.00737594658225404,-0.000823987169287221,-0.00609221907079416,-0.00517680016713484,0.00179141015446049
"205",2011-01-01,15769.911,3987.8,3242.78,9.66585903631402,8.2909949793728,8.08418626558497,9.66827110369205,8.2923982773528,8.09652692897821,-0.00241206737803523,-0.00140329797999783,-0.0123406633932373,-0.00990328628714288,-0.00595485026105358,-0.00030214855356725,0.000697228500627034,-0.000695291396214159,-0.0101581792987311,0.0154982155933485,0.00737594658225404,-0.00600078733642206,-0.00430080891633366
"206",2011-04-01,15876.839,4017.1,3220.816,9.67261665957135,8.29831552824908,8.07739002258307,9.66585903631402,8.2909949793728,8.08418626558497,0.00675762325733231,0.00732054887627953,-0.00679624300189907,0.00872384685627736,0.00554442039133818,-0.00990328628714288,-0.00595485026105358,-0.00030214855356725,0.000697228500627034,-0.000695291396214159,-0.0101581792987311,0.00949742825692645,0.00307513766592038
"207",2011-07-01,15870.684,4132.2,3174.801,9.6722289127807,8.32656523177871,8.06300023219714,9.67261665957135,8.29831552824908,8.07739002258307,-0.000387746790645238,0.0282497035296281,-0.0143897903859322,0.0209291546533485,-0.00759354738403317,0.00872384685627736,0.00554442039133818,-0.00990328628714288,-0.00595485026105358,-0.00030214855356725,0.000697228500627034,0.0088021368607123,-0.0070830416328107
"208",2011-10-01,16048.702,4215.9,3172.535,9.68338325301368,8.34661837077481,8.06228623183659,9.6722289127807,8.32656523177871,8.06300023219714,0.0111543402329755,0.0200531389961025,-0.000714000360551026,-0.00819656453352557,0.0136757900253812,0.0209291546533485,-0.00759354738403317,0.00872384685627736,0.00554442039133818,-0.00990328628714288,-0.00595485026105358,0.00849998830714505,-0.00638581313218367
"209",2012-01-01,16179.968,4271.2,3158.939,9.69152921286022,8.35965009718598,8.05799149070745,9.68338325301368,8.34661837077481,8.06228623183659,0.00814595984653721,0.0130317264111675,-0.00429474112914363,-0.00702141258493505,-0.00358074076859261,-0.00819656453352557,0.0136757900253812,0.0209291546533485,-0.00759354738403317,0.00872384685627736,0.00554442039133818,-0.00140329797999783,-0.0123406633932373
"210",2012-04-01,16253.726,4315.2,3142.418,9.69607745378211,8.36989895238547,8.05274784624965,9.69152921286022,8.35965009718598,8.05799149070745,0.00454824092189554,0.0102488551994888,-0.00524364445779923,-0.00278287121167864,-0.000948903328655604,-0.00702141258493505,-0.00358074076859261,-0.00819656453352557,0.0136757900253812,0.0209291546533485,-0.00759354738403317,0.00732054887627953,-0.00679624300189907
"211",2012-07-01,16282.151,4398.8,3137.664,9.69782475613588,8.38908705543678,8.0512338529903,9.69607745378211,8.36989895238547,8.05274784624965,0.0017473023537633,0.019188103051313,-0.00151399325935131,0.00893924785182421,0.00372965119844793,-0.00278287121167864,-0.000948903328655604,-0.00702141258493505,-0.00358074076859261,-0.00819656453352557,0.0136757900253812,0.0282497035296281,-0.0143897903859322
"212",2012-10-01,16300.035,4427.8,3106.86,9.69892253403181,8.39565812569012,8.04136784883487,9.69782475613588,8.38908705543678,8.0512338529903,0.00109777789593579,0.00657107025334547,-0.0098660041554286,-0.0126170327979676,-0.00835201089607729,0.00893924785182421,0.00372965119844793,-0.00278287121167864,-0.000948903328655604,-0.00702141258493505,-0.00358074076859261,0.0200531389961025,-0.000714000360551026
"213",2013-01-01,16441.485,4522.2,3078.855,9.70756299299795,8.41675388007748,8.0323130536035,9.69892253403181,8.39565812569012,8.04136784883487,0.0086404589661413,0.0210957543873551,-0.00905479523136954,0.0145246841340096,0.000811208924059059,-0.0126170327979676,-0.00835201089607729,0.00893924785182421,0.00372965119844793,-0.00278287121167864,-0.000948903328655604,0.0130317264111675,-0.00429474112914363
"214",2013-04-01,16464.402,4568.8,3073.677,9.70895587468536,8.42700586735065,8.03062984375672,9.70756299299795,8.41675388007748,8.0323130536035,0.00139288168741025,0.0102519872731737,-0.00168320984678338,-0.0108437671141814,0.00737158538458615,0.0145246841340096,0.000811208924059059,-0.0126170327979676,-0.00835201089607729,0.00893924785182421,0.00372965119844793,0.0102488551994888,-0.00524364445779923
"215",2013-07-01,16594.743,4606.7,3057.212,9.71684123744181,8.43526704451739,8.0252586685213,9.70895587468536,8.42700586735065,8.03062984375672,0.00788536275644525,0.0082611771667338,-0.0053711752354122,-0.00199081010643987,-0.00368796538862881,-0.0108437671141814,0.00737158538458615,0.0145246841340096,0.000811208924059059,-0.0126170327979676,-0.00835201089607729,0.019188103051313,-0.00151399325935131
"216",2013-10-01,16712.76,4685.6,3033.118,9.72392777850684,8.45224925477557,8.017346412306,9.71684123744181,8.43526704451739,8.0252586685213,0.00708654106502848,0.0169822102581865,-0.0079122562152989,0.00872103309145267,-0.0025410809798867,-0.00199081010643987,-0.00368796538862881,-0.0108437671141814,0.00737158538458615,0.0145246841340096,0.000811208924059059,0.00657107025334547,-0.0098660041554286
"217",2014-01-01,16654.247,4707.7,3020.58,9.72042053795755,8.45695474502447,8.01320414490923,9.72392777850684,8.45224925477557,8.017346412306,-0.00350724054928797,0.00470549024890055,-0.00414226739676948,-0.0122767200092859,0.00376998881852941,0.00872103309145267,-0.0025410809798867,-0.00199081010643987,-0.00368796538862881,-0.0108437671141814,0.00737158538458615,0.0210957543873551,-0.00905479523136954
"218",2014-04-01,16868.109,4761.7,3024.424,9.73318007678534,8.46836002632228,8.0144759391109,9.72042053795755,8.45695474502447,8.01320414490923,0.0127595388277904,0.0114052812978045,0.00127179420166712,0.00669979104890395,0.0054140615984366,-0.0122767200092859,0.00376998881852941,0.00872103309145267,-0.0025410809798867,-0.00199081010643987,-0.00368796538862881,0.0102519872731737,-0.00168320984678338
"219",2014-07-01,17064.616,4814.4,3044.694,9.74476235889015,8.47936670587578,8.02115568248344,9.73318007678534,8.46836002632228,8.0144759391109,0.0115822821048095,0.0110066795535033,0.00667974337253696,-0.000398601744301175,0.00540794917086984,0.00669979104890395,0.0054140615984366,-0.0122767200092859,0.00376998881852941,0.00872103309145267,-0.0025410809798867,0.0082611771667338,-0.0053711752354122
"220",2014-10-01,17141.235,4868.2,3043.215,9.74924224323164,8.49047953789781,8.02066980136101,9.74476235889015,8.47936670587578,8.02115568248344,0.00447988434149238,0.0111128320220324,-0.000485881122433085,0.000106152468529075,-0.00716562449497005,-0.000398601744301175,0.00540794917086984,0.00669979104890395,0.0054140615984366,-0.0122767200092859,0.00376998881852941,0.0169822102581865,-0.0079122562152989
"221",2015-01-01,17280.647,5002.8,3058.973,9.75734248378674,8.51775303467475,8.02583451769809,9.74924224323164,8.49047953789781,8.02066980136101,0.00810024055509473,0.027273496776937,0.00516471633708449,0.0161606647549046,0.00565059745951757,0.000106152468529075,-0.00716562449497005,-0.000398601744301175,0.00540794917086984,0.00669979104890395,0.0054140615984366,0.00470549024890055,-0.00414226739676948
"222",2015-04-01,17380.875,5049.3,3085.089,9.7631257427765,8.52700489880023,8.03433578519402,9.75734248378674,8.51775303467475,8.02583451769809,0.00578325898976395,0.00925186412547951,0.00850126749593016,-0.0180216326514575,0.00333655115884568,0.0161606647549046,0.00565059745951757,0.000106152468529075,-0.00716562449497005,-0.000398601744301175,0.00540794917086984,0.0114052812978045,0.00127179420166712
"223",2015-07-01,17437.08,5063.1,3099.082,9.76635425225214,8.52973422291055,8.03886121758612,9.7631257427765,8.52700489880023,8.03433578519402,0.00322850947564213,0.00272932411031768,0.00452543239210002,-0.00652254001516184,-0.00397583510383015,-0.0180216326514575,0.00333655115884568,0.0161606647549046,0.00565059745951757,0.000106152468529075,-0.00716562449497005,0.0110066795535033,0.00667974337253696
"224",2015-10-01,17462.579,5128.7,3110.257,9.76781552753494,8.5426074947447,8.04246063841501,9.76635425225214,8.52973422291055,8.03886121758612,0.00146127528279827,0.0128732718341542,0.00359942082888765,0.0101439477238365,-0.00092601156321237,-0.00652254001516184,-0.00397583510383015,-0.0180216326514575,0.00333655115884568,0.0161606647549046,0.00565059745951757,0.0111128320220324,-0.000485881122433085
"225",2016-01-01,17565.465,5247.8,3142.841,9.77369003744944,8.56556422014163,8.05288244690831,9.76781552753494,8.5426074947447,8.04246063841501,0.00587450991449501,0.0229567253969307,0.0104218084933034,0.0100834535627765,0.00682238766441579,0.0101439477238365,-0.00092601156321237,-0.00652254001516184,-0.00397583510383015,-0.0180216326514575,0.00333655115884568,0.027273496776937,0.00516471633708449
"226",2016-04-01,17618.581,5312.7,3137.91,9.7767093627625,8.57785545958286,8.05131225219334,9.77369003744944,8.56556422014163,8.05288244690831,0.0030193253130637,0.0122912394412307,-0.00157019471496866,-0.0106654859557,-0.0119920032082721,0.0100834535627765,0.00682238766441579,0.0101439477238365,-0.00092601156321237,-0.00652254001516184,-0.00397583510383015,0.00925186412547951,0.00850126749593016
"227",2016-07-01,17724.489,5368.2,3153.894,9.78270252164766,8.58824793578161,8.05639315884154,9.7767093627625,8.57785545958286,8.05131225219334,0.00599315888516117,0.0103924761987422,0.00508090664819782,-0.0018987632424885,0.00665110136316649,-0.0106654859557,-0.0119920032082721,0.0100834535627765,0.00682238766441579,0.0101439477238365,-0.00092601156321237,0.00272932411031768,0.00452543239210002
"228",2016-10-01,17812.56,5418.9,3160.471,9.78765910542639,8.59764812180662,8.05847634610693,9.78270252164766,8.58824793578161,8.05639315884154,0.00495658377872488,0.00940018602501524,0.00208318726538614,-0.000992290173726929,-0.00299771938281168,-0.0018987632424885,0.00665110136316649,-0.0106654859557,-0.0119920032082721,0.0100834535627765,0.00682238766441579,0.0128732718341542,0.00359942082888765
"229",2017-01-01,17896.623,5454.7,3153.834,9.79236731481258,8.60423290133782,8.05637413455895,9.78765910542639,8.59764812180662,8.05847634610693,0.00470820938619454,0.00658477953119885,-0.00210221154798163,-0.0028154064938164,-0.00418539881336777,-0.000992290173726929,-0.00299771938281168,-0.0018987632424885,0.00665110136316649,-0.0106654859557,-0.0119920032082721,0.0229567253969307,0.0104218084933034
"230",2017-04-01,17996.802,5521.1,3163.234,9.79794935442704,8.61633239478076,8.05935020096759,9.79236731481258,8.60423290133782,8.05637413455895,0.00558203961446324,0.0120994934429426,0.00297606640864423,0.00551471391174374,0.00507827795662585,-0.0028154064938164,-0.00418539881336777,-0.000992290173726929,-0.00299771938281168,-0.0018987632424885,0.00665110136316649,0.0122912394412307,-0.00157019471496866
"231",2017-07-01,18126.226,5576.3,3160.72,9.80511511881461,8.62628075300169,8.05855512872879,9.79794935442704,8.61633239478076,8.05935020096759,0.00716576438756711,0.00994835822092988,-0.000795072238801708,-0.00215113522201271,-0.00377113864744594,0.00551471391174374,0.00507827795662585,-0.0028154064938164,-0.00418539881336777,-0.000992290173726929,-0.00299771938281168,0.0103924761987422,0.00508090664819782
"232",2017-10-01,18296.685,5581.7,3182.962,9.81447517487933,8.62724866847428,8.06556748878796,9.80511511881461,8.62628075300169,8.05855512872879,0.00936005606472001,0.00096791547259123,0.00701236005916961,-0.00898044274833865,0.00780743229797132,-0.00215113522201271,-0.00377113864744594,0.00551471391174374,0.00507827795662585,-0.0028154064938164,-0.00418539881336777,0.00940018602501524,0.00208318726538614
"233",2018-01-01,18436.262,5577.3,3189.744,9.82207476506509,8.62646006730428,8.06769594177493,9.81447517487933,8.62724866847428,8.06556748878796,0.00759959018575529,-0.000788601170002678,0.00212845298696784,-0.00175651664259391,-0.00488390707220177,-0.00898044274833865,0.00780743229797132,-0.00215113522201271,-0.00377113864744594,0.00551471391174374,0.00507827795662585,0.00658477953119885,-0.00210221154798163
"234",2018-04-01,18590.004,5594.4,3212.179,9.83037929588491,8.62952137638966,8.07470480203193,9.82207476506509,8.62646006730428,8.06769594177493,0.00830453081982618,0.00306130908537661,0.00700886025700775,0.00384991025537929,0.00488040727003991,-0.00175651664259391,-0.00488390707220177,-0.00898044274833865,0.00780743229797132,-0.00215113522201271,-0.00377113864744594,0.0120994934429426,0.00297606640864423
"235",2018-07-01,18679.599,5631.8,3220.013,9.835187244743,8.6361843858437,8.07714067579738,9.83037929588491,8.62952137638966,8.07470480203193,0.004807948858085,0.00666300945404075,0.00243587376545129,0.00360170036866414,-0.00457298649155646,0.00384991025537929,0.00488040727003991,-0.00175651664259391,-0.00488390707220177,-0.00898044274833865,0.00780743229797132,0.00994835822092988,-0.000795072238801708
"236",2018-10-01,18721.281,5629,3213.368,9.83741617717757,8.63568708546403,8.07507488726003,9.835187244743,8.6361843858437,8.07714067579738,0.00222893243457456,-0.000497300379672438,-0.00206578853735451,-0.00716030983371319,-0.0045016623028058,0.00360170036866414,-0.00457298649155646,0.00384991025537929,0.00488040727003991,-0.00175651664259391,-0.00488390707220177,0.00096791547259123,0.00701236005916961
"237",2019-01-01,18833.195,5721.5,3235.153,9.8433762833067,8.65198628775777,8.08183150102527,9.83741617717757,8.63568708546403,8.07507488726003,0.00596010612913211,0.0162992022937427,0.00675661376524417,0.0167965026734151,0.00882240230259868,-0.00716030983371319,-0.0045016623028058,0.00360170036866414,-0.00457298649155646,0.00384991025537929,0.00488040727003991,-0.000788601170002678,0.00212845298696784
"238",2019-04-01,18982.528,5706,3274.933,9.8512742561291,8.64927353177345,8.09405268984482,9.8433762833067,8.65198628775777,8.08183150102527,0.00789797282240023,-0.00271275598432297,0.0122211888195434,-0.0190119582780657,0.0054645750542992,0.0167965026734151,0.00882240230259868,-0.00716030983371319,-0.0045016623028058,0.00360170036866414,-0.00457298649155646,0.00306130908537661,0.00700886025700775
"239",2019-07-01,19112.653,5805.6,3291.711,9.85810585543745,8.66657824796393,8.09916276936495,9.8512742561291,8.64927353177345,8.09405268984482,0.00683159930835053,0.0173047161904822,0.00511007952012932,0.0200174721748052,-0.00711110929941405,-0.0190119582780657,0.0054645750542992,0.0167965026734151,0.00882240230259868,-0.00716030983371319,-0.0045016623028058,0.00666300945404075,0.00243587376545129
"240",2019-10-01,19202.31,5887.3,3316.263,9.8627858632789,8.68055276747166,8.10659382553473,9.85810585543745,8.66657824796393,8.09916276936495,0.00468000784145062,0.0139745195077339,0.00743105616978212,-0.00333019668274837,0.00232097664965281,0.0200174721748052,-0.00711110929941405,-0.0190119582780657,0.0054645750542992,0.0167965026734151,0.00882240230259868,-0.000497300379672438,-0.00206578853735451
